"","P4","P5","P6","P7","P8","P9","P10","P11","P12","P13","P14","P15","P16","P17","P18","P19","P20","P21","P22","P23","P24","P25","P26","P27","P28","P29","P30","P1","P2.1","P3.1","P4.1","P5.1","P6.1","P7.1","P8.1","P9.1","P10.1","P11.1","P12.1","P13.1","P14.1","P15.1","P16.1","P17.1","P18.1","P19.1","P20.1","P21.1","P22.1","P23.1","P24.1","P25.1","P26.1","P27.1","P28.1","P29.1","P30.1","P1.1","P2","P3.2","P4.2","P5.2","P6.2","P7.2","P8.2","P9.2","P10.2","P11.2","P12.2","P13.2","P14.2","P15.2","P16.2","P17.2","P18.2","P19.2","P20.2","P21.2","P22.2","P23.2","P24.2","P25.2","P26.2","P27.2","P28.2","P29.2","P30.2","P1.2","P2.2","P3","P4.3","P5.3","P6.3","P7.3","P8.3","P9.3","P10.3","P11.3","P12.3","P13.3","P14.3","P15.3","P16.3","P17.3","P18.3","P19.3","P20.3","P21.3","P22.3","P23.3","P24.3","P25.3","P26.3","P27.3","P28.3","P29.3","P30.3"
"1",0,2.98487717127989,1.1361059932824e-05,13.5737999241865,4.97479528546648,0,427.844448977481,2.98487717127978,664.604269472368,90.8653636176498,30.9445193164195,6.76805231292678,1.51973185818679,42.9934766657802,33.4249626766207,5.95403024446273,139.732401099656,207.75692814646,100,304.70483675722,288.617615345832,398.116658141642,547.106211199614,398.149227580098,300.000000000001,401.183185494278,1248762.74270944,0,5,0,88.3975799643304,7.95967245674632,1.71436334226723,33.6031332849007,8.95463151383967,0.454324018590796,586.41202614465,52.7326482089318,1751.04524921264,696.807174632362,135.414426636816,194.44871271027,385.241636369047,202.959279385447,119.395194430329,121.965496235139,202.787918080018,211.694705923375,100.000000000004,422.625464165453,438.039342138835,412.428330151592,1294.38580376819,533.460961635554,403.285680653326,510.747127166584,5302.42282986538,38.1592582067449,305749495356971,7.95807864051312e-13,187.987327915135,13.9294267993063,0.789762451880279,347.708725445555,32.8336337706214,0,788.669425529475,95.7867083672083,8105.24778400595,3048.53669681097,248.838379093927,285.978419593465,371.662924914132,413.353083950297,232.355154919545,159.332580326974,65.9306485612533,219.83549921266,100.000000458619,528.984293836351,552.482174729169,548.58797207397,1544.01989001803,604.964781270771,560.359416233139,1033.16090551404,2954370.31380802,2920.17274063593,2.12532496408753e+49,0.00107391749605767,376.984702030249,71.6370777054184,0.450759624972079,832.762485325647,115.415143965094,1.90702314636383,3243.33811946814,892.472877614045,2810599.90672217,11801.0895053337,258.766260758043,1868.13464721958,2046.13329804757,2084.92388943894,479.49862968729,528.156005175731,393.797191129646,331.495296720716,100.033288547621,728.40620712462,1066.50524203476,958.780039762676,6768.25878786803,755.612652612834,760.784095393095,3591.68809316934,136137.111610653
"2",0,5.96974930474067,0.976842345885757,13.0721049538906,3.97983622837319,0,299.92630555318,11.9394784127669,678.519938039554,44.2244247601238,26.9647042661072,9.41442514131472,1.70716079960994,40.6985988037568,105.063952230201,15.3242426412312,24.2919977123415,203.757549961198,100,303.798302072453,329.975738057907,443.420598336362,300,402.300795922642,583.734041404447,399.749556591208,414.124824346757,0,134426395,0,93.3366179600638,7.95967245674632,0.372459243480307,34.3584973572918,6.96471339965308,0.454324018590796,373.961067195931,113.423746946313,1531.6417542898,1580.64723950913,128.449154999064,117.35438027539,598.761332543439,71.5128564915578,70.040453427619,97.7592416038433,71.8802236511447,219.89054477472,100.000000000005,377.282799409916,462.452413692851,391.076229680081,200.000000000035,523.066390308177,300.000007786144,589.349094106256,6533.41200020574,389.792127407309,67142781,1.47792889038101e-12,204.093855059611,16.914303970586,0.015561975161404,345.528427579547,20.8941401989592,2.61479726759717e-12,1099.39381093027,165.952119062259,83892.2406513223,5425.36698890503,227.944285140223,651.070350372556,549.119597834547,304.733725456312,455.399043376961,76.4956265601634,198.992167688218,218.697831258757,100.000002294872,524.320334125231,555.881467294696,604.375729744513,1699.83655903172,720.711790641991,554.804536808915,1157.68003200739,3542981.35310067,4004.65121863436,5.35690591824433e+30,0.000201588118557083,372.921310786552,77.6068326385272,1.50599234994536,145.167420406813,104.470680436765,1.36338594984784,3142.21340605083,945.175803174764,1745130.01925705,8149.26387222638,269.125718683091,2673.01381269428,2745.87077515382,1378.44244278919,576.712131666845,349.058105011607,390.853363358296,378.067950367496,100.031889504833,762.885051188908,1191.42013132689,930.943212976607,5803.57893484735,696.344785708417,699.640333312288,3259.5387399813,2260194.04921609
"3",0,2.98487717127989,0.250300483226397,12.5383579884846,4.97479528546648,0.454324018590796,15.2444858669514,9.94956029858031,615.171174683266,1.98991811418659,28.954620353149,14.0617554321773,121.228466173792,26.6764287090068,204.06356572381,81.003964712706,38.2212413801001,204.346542095478,100.286376883042,304.745261449452,328.588539552555,443.387623140664,300,399.510301988035,583.734041404447,258.065887836956,817578.056926263,5.6843418860808e-14,27499595433,0,87.6591443518782,6.96471339965302,0.167825622725331,36.6436168934035,5.96975434255978,0,844.460769443356,150.522193702686,1976.08791822467,1046.43543538155,126.459828928822,122.460207399467,669.510023448819,75.0730622008789,81.7978877408395,176.977696153026,189.772899580379,223.21078010432,100.000000000003,399.637911849797,441.640603989677,387.252765423939,200.000000000015,525.812130079902,300.000000000206,516.231892356375,7985.36549752596,965.565643675819,55618223,4.13820089306682e-11,172.255972730134,18.904222084773,0.823133434465262,343.730095593827,17.9092579898603,0.633380519430716,1123.5755848873,182.468022434233,5976.13020284463,4961.78537929447,144.368570052664,410.960813113677,645.019090914019,316.901508025387,218.420230208639,87.5539169235558,85.8934774552581,223.677942255074,100.000000825475,524.332838073557,574.205523097098,638.73122886133,1573.17557115805,643.343933796765,510.788703857291,1022.63834970629,3408514.62514323,15433.6005005574,7.60914070839112e+44,0.00113152225765134,344.268807358573,66.6622476880441,0.261418296774309,826.046325805197,84.5715071536887,1.35843985022711,3632.37952686931,1212.42562933351,2008714.99854852,11331.9307257567,281.905226274388,3291.70899239268,2575.22649923745,2295.30967080753,554.752753322592,447.259129525425,249.656076592053,350.946302308229,100.022034376208,739.081905480701,1146.12680481314,909.446215591202,6467.13309117693,752.041312677337,784.803175219326,3870.54672818953,75957.9999338049
"4",0,1.98991811418659,0.967937015996313,16.8979122064172,0.994959057093297,13.9990261500839,126.842534756845,13.9293914891343,131.11897068459,33.5635882332494,5.96974930474084,36.3029640119621,131.02941670646,22.473920318989,66.4203790755082,62.4197651394347,41.7314944093082,203.430654094447,100,302.803961853941,330.323896857099,443.380657208129,200.000000000001,397.24749658337,583.734041404447,235.154801764445,817578.056926237,1.4210854715202e-14,27,0,73.0997130709928,11.9395086851195,4.14003125115414e-08,38.5711470623594,10.9445496280262,0.0895282504164925,969.151578386172,180.084584753566,3075.4568329417,1141.56217649479,134.419011425456,313.528775464768,405.335127652532,45.5333458865509,152.65957278074,78.8441807002471,166.398813025297,217.593795512828,100.000000000004,369.93082073664,431.406973502795,387.755599581254,1078.12965807539,515.673391109684,422.489468757653,697.007044435677,6610.46680971624,14.7857090779376,24222,5.96855898038484e-12,134.783282242754,23.879007294601,0.0647619455120321,288.056518107357,21.8890942182334,0.0895282504167199,1324.7851301197,161.812310050028,10162.9312402109,2873.4027639208,200.085145865599,258.910454128402,389.279344058682,225.683538915053,266.99618200312,116.261385196625,74.9384959645322,239.344687144198,100.000002418714,502.812885430012,567.797989091056,555.788906115909,1712.31684609312,705.057977418609,505.564147484653,1278.90985189536,3736056.66734938,19742.1218158311,1.67602738473743e+29,0.000196306656505385,304.827773169978,116.410104441713,0.369969178017755,825.952341085923,138.299267945527,1.03712338143043,4801.45315042842,1387.39518984113,1853403.46221682,11893.8171761239,333.457138856643,2437.80241983154,3246.51943727368,1385.74755458352,579.377243378506,377.276636552692,300.572322634725,343.037193348533,100.018649027954,769.075787085283,1119.11993285299,919.964566969159,7037.86682468032,735.142003695036,721.695888504374,2947.1767620591,570530.4790042
"5",0,2.98487717127989,0.404698523174375,14.1188640408342,5.96975434255978,0,367.302339382216,16.9142028495548,11.3810980688199,68.3049561906828,22.9848617721448,9.94982689529115,248.884039796619,24.4556702299735,24.4375601167048,6.14195528470214,20.2112482698192,208.298322323258,100.286376883042,309.37260224648,100,398.092574160023,300,394.363156296915,611.821808064656,264.27962464827,655.696347349394,2.27373675443232e-13,2102548418,0,113.553909340879,9.94959057093291,0.632018506346867,32.3653486716465,9.94959057093286,0.0895282504164925,1736.4163173829,81.6068782203977,9816.88328043413,1878.93160359834,165.262383604274,188.070303480292,405.520937112238,51.4167667225001,177.448645608266,191.803209379882,85.1098279925909,223.712512826954,100.000000000005,394.725846047806,441.837955875119,387.820637812186,200.000000000017,515.997800975932,403.285680653326,601.554589753765,7657.26527594946,1775.51050826471,39492119,1.19371179607697e-12,147.803185249154,18.9042220847732,4.1357651070939e-05,346.549093786412,22.8840532753267,0.454324018594207,1423.74020508104,157.05804783512,13676.9128761666,8288.56284093201,197.100801823955,520.229585615335,636.557271651439,540.379372036385,279.130218214208,113.617645269827,112.418298124421,231.033586243351,100.000000657167,473.520141034455,554.324557363281,529.059995236626,2092.43016148469,612.058153259175,542.327495658203,1102.11265982448,4280829.14082313,12079.2915044709,1.94392006256574e+32,0.000415478127422375,310.334760708655,159.193247831295,0.118969175451866,845.885789291004,128.349569709395,1.54289643053733,3259.36454954546,1389.60265436588,18431656.6215826,9482.24217467307,323.939386237619,1558.94562981356,3381.73999502916,1616.96654998585,591.175221738021,579.050719451609,257.971427745323,311.875309088023,100.024934068975,811.831322832104,1085.81185468373,962.662431822263,5972.41866034012,712.120543708671,694.789868825451,3708.64532376332,144199.499017668
"6",0,2.98487717127989,1.48102117236704e-08,12.4336654287887,2.98487717127989,0,133.745274922428,8.95462143820146,529.109893012702,194.039347292898,39.8609941827538,37.9402867922454,121.346956588244,41.1994995723264,39.4697743579391,6.03512413321005,25.5991367102515,208.949910793362,100,306.71921559094,330.378770129449,397.742869469987,300,403.447680071527,611.821808064657,244.419072939499,481.989252168142,0,2,0,70.015462439856,11.9395086851195,0.0971523814971533,34.2551366051696,11.9395086851194,0,1103.70957663747,65.6668977685263,2772.95950679609,1199.07195043202,101.585876268867,301.072498782017,607.3537833874,412.509772917126,131.694728885664,87.2562451591384,165.907205628093,214.246368387149,100.000000000005,390.826021456755,440.52291051979,399.753897677547,916.678893489101,555.834919237558,300.000000000001,826.300262657277,6704.86941607801,2138.93031700593,11737,7.27595761418343e-12,196.884390406208,17.9092579898602,0.0358693100454275,350.988999725942,28.8538025800674,0.998176287598653,844.531540124994,208.132617263344,9309.84969949877,3146.18992936675,196.105054896732,391.613275923793,809.955979403666,482.178903970955,129.775512857801,68.1422655946219,85.5430954122526,222.911216345088,100.00000180226,503.192366359491,555.808556195044,580.141869299581,1851.66190434518,712.71745077608,555.82876555299,826.110757988957,4909382.40644457,32818.8764745112,2.08677771891743e+40,0.000870774549071029,424.616475256514,105.46558688277,0.113249249982573,788.683184055365,140.288947027481,5.72822147397426,3203.96747147122,1198.77962366138,5144142.34221033,11601.2379136947,247.852739169185,1814.80712551456,4079.0068113116,1182.57394088164,531.098389085512,429.740255598396,470.8419228165,328.826832013277,100.025781724135,709.368133914875,1135.59194986538,972.37335965161,6123.67066559565,726.273883360174,778.999003950371,4266.37351995864,141282.205069223
"7",0,4.97479528546643,0.00726250338777845,12.2567129023292,1.98991811418659,1.72774666803298,3.5398695697686,27.8587373641237,691.006640807883,20.0280221041219,9.94956029858031,3.9798457654133,121.64437151296,25.4071376840777,53.9717831251662,4.44005716456809,25.2728551324046,203.283611996263,100,308.138345952533,331.989132453622,443.370625268405,300,396.257460838836,415.727953716806,248.710889793017,547.022289827815,1.4210854715202e-14,0,0,0,8.95463151383962,9.16119907969914e-05,35.5784433287947,8.95463151383967,0.0895282504164925,545.725278865661,76.6114120863808,2518.46691318033,1984.80964266555,114.508905401546,320.719330921995,492.319583934192,192.796314073728,198.181658990876,78.7228499970738,66.1140222903614,217.009210141563,100.000000000004,369.461371904413,434.255758998888,387.90016500501,200.00000000002,536.513598689357,300.000000112824,981.346393841643,5362.56887034208,98.559703751252,1038850388396,1.31876731757075e-11,188.63336776054,24.8739713895133,0.550464037048982,346.255805485992,20.8941351611404,1.13686837721616e-13,1203.62004558938,173.726935524972,12988.8804682375,5830.72094229961,215.00990022255,332.61373705018,370.788884167329,658.583181224979,662.101172165305,176.555163294863,93.2539977025572,228.079544406148,100.000001668001,490.012672323637,582.519031259606,558.227177596108,2100.79694354539,640.544295847916,532.898647603549,1260.35192111763,6162120.52740522,13824.4139649212,2.53693161431048e+35,0.000922077276072741,436.273544478748,93.5261047109515,0.533246763517468,796.261791629867,121.384876124225,9.54413456737677,2886.48560954218,1330.86571304501,975848.283842406,12326.3738455461,356.919532781438,2690.02173077138,2312.53038237977,1253.01131876518,403.484597081562,463.932438639787,619.815679235643,322.095786253921,100.039567698363,720.560858642779,1115.49186569149,977.021845320288,6100.28327118891,734.538423669572,742.315350044307,3820.29492342211,122671.571002128
"8",0,1.98991811418659,5.84508887868651e-05,12.014335402029,1.98991811418659,0,321.287952809678,1.98991811418659,355.76419129017,170.071721458258,22.984870057737,86.0148635766141,121.019453991066,34.244895753412,35.9713029599936,20.3916635074697,64.9268557544247,205.895560071686,100.878555268492,313.396450215724,100,445.792938405976,300,397.24749658337,583.734041404448,298.983859522103,490.339854959154,0,27304594,0,3.82340203941567e-09,5.96975434255972,0.0171639192047905,46.0039840150346,7.95967245674638,0,845.022883224095,97.5055480291815,2617.73729456087,1278.54759799111,99.5961984377263,116.176109647084,626.36855872157,165.437702191657,191.358372620513,84.4085501396155,92.5829080697049,212.788525969171,100.000000000004,411.667216375378,433.293734000344,392.549695377704,1308.99493144275,543.710930534335,300.000000444214,502.402745365804,10044.720592638,409.099135169609,174788489,2.38742359215394e-12,213.603222583891,13.9294267993064,0.247090882187649,349.685733455607,33.828597865535,0.1790565008356,1299.17618834852,133.722694827798,74199.6899880855,3038.10903415019,173.222350245448,476.460266493586,859.837397614251,406.842171813728,359.661915650882,109.54848595777,97.4718881532758,224.21954112337,100.000002188751,523.835551696924,571.31863848041,557.585915972309,1714.85303198772,744.98091027968,543.721638496987,936.951264254776,4464938.93092752,4304.4930515544,4.19685496761933e+32,0.00275700317070005,328.567436910037,121.384956741012,0.591393844261233,620.174488367397,121.384871771711,0.999582814364544,2259.73929989884,903.772985825795,1284423.50871514,9129.24406954593,262.359528524847,2214.00981248028,3105.90566816556,1671.41950843981,476.514379874023,439.909538482369,304.533706402861,337.033026105146,100.016123804492,703.125258406601,1130.18952235649,980.539002175515,5374.24987331434,666.350112751044,793.434027579753,3286.59191965453,306652.664959701
"9",0,1.98991811418659,5.30609658918434,17.6594671862746,3.97983622837319,0,632.026414042396,13.9293914891343,698.49797315552,140.127749330806,16.9142028495548,29.2109034211633,1.46408981722652,20.2149126847526,25.2426516179496,14.2835689941537,155.586538112599,202.835028341037,100,305.874857463152,331.922602081278,399.584967871679,300,403.650826960028,611.821808064656,250.017618037445,817578.083488973,1.13686837721616e-13,15,0,92.6024836763517,7.95967245674632,0.0737216723425718,35.174219609361,8.95463151383967,0.454324018590796,763.685292664293,57.7072961604924,1383.14510035842,1786.64714223671,125.456264164643,164.834592755806,434.674542574957,186.924661120276,92.0001298752925,128.113393376714,171.030861906596,210.254557773697,100.000000000004,380.665853237638,436.758898791808,390.195329199537,2623.99035200247,515.190986975986,300.000000000004,784.910067887432,5126.65661668036,124.736274203287,955575178,5.6843418860808e-12,143.813701203957,23.879017370239,0.819353727603925,344.727204370952,30.8437106186158,0.454324018591251,1160.43307152464,180.010870975709,5736.37278878891,4332.29622533403,156.308075682044,430.231646567169,464.701481796128,330.088217198886,444.594997591503,211.629845021278,89.2818204000382,221.625417870701,100.000000852313,496.181786728843,553.859507776143,520.142187956188,2157.26087686703,702.261761840577,545.572779784656,823.911395837109,3865715.80191947,1196.37241401228,7.29140658541208e+39,0.000734473426462046,463.621488590969,79.5966644625997,0.875642898084607,830.409630207256,93.5261276232853,0.544493115745013,5100.52017120383,1103.76057817442,2915887.38765459,8282.54381300565,331.454296212323,2913.96019421228,2505.94439255159,1807.20024297257,453.585358871294,713.586437205522,406.245936694248,313.502007160278,4458.23197193819,670.002889309318,1096.02611746588,940.854421688899,6480.60817816248,725.682484182083,711.62089388665,3223.63169844399,116137.193033175
"10",0,2.98487717127989,0.405853257664148,19.6436884100819,2.98487717127989,0,299.771492210364,13.6510091057248,527.342773491947,89.6264617360991,71.7028398353252,59.1621867879348,0.574528180384959,42.9026975691347,24.9842438199355,9.73463414608659,20.9949590252672,204.701948120847,100,310.517236084966,331.662660299884,398.05798551283,300,402.761282605969,611.821808064656,237.734258176121,712.328616929761,2.41584530158434e-13,7815,0,90.2011927723987,11.9395036473004,0.0270460473311687,35.4758475682753,7.95967245674638,0.0895282504164925,1296.61514354251,154.589309666989,3880.34590765791,760.788618824381,123.474793545618,247.890380045612,154.465385344029,73.0786729992585,98.8966680219105,125.988436893822,174.474353491684,207.754415746769,100.000000000009,384.884358742641,475.967934872716,387.120769716366,200.000000000017,534.452241919163,403.285680653326,558.062714417282,11399.5378086237,377.153538032089,10705,9.66338120633736e-13,125.745234484343,19.8991761040471,0.00803745868915939,364.558852295099,28.8538025800692,0.454324018601142,1034.98122837537,166.008907150856,14203.0744833077,3854.7248323106,160.287904109667,450.278399652139,804.676599746808,341.1300848608,303.558992184422,75.6856196331087,104.668138697763,225.528614600825,100.00000147822,479.607506959318,570.584212540813,547.944725465242,1382.60707319575,747.794524648182,516.658043032382,1099.41353314978,4210718.34506937,13837.1703789969,8.86446120379699e+30,0.00200086666717425,377.720334770839,57.7076473093172,1.12270132631306,406.746254848711,122.379774486815,1.81368561396994,5173.88304564013,1248.14822934018,3172401.03628731,14862.9360364268,334.779223045083,3724.24146718572,2752.6328295086,1496.66587186482,613.665658647476,480.444888230255,312.029910483798,356.276753943461,100.023746989029,781.817878478658,1139.24621881486,959.495563129311,5687.0940090412,723.393921841174,744.372249555321,3197.75276277962,87695.594369363
"11",0,7.95967245674632,0.000712938400283747,11.7305505888187,1.98991811418659,0,939.505957852662,2.98487717127978,692.225447327222,78.9787153678301,29.948360496692,17.0677117049111,120.735379657146,31.3682828924168,33.3452676509467,4.6738541489774,2.30209137880524,203.067049461572,100.289045931825,304.801599811485,333.563240933966,443.3339087684,347.149354998313,398.60209888036,583.734041404447,302.309197302103,676.081851141516,2.70006239588838e-13,0,0,93.7122869615188,3.97983622837319,0.012926688861512,55.84681442693,9.94959057093286,0,1301.1345372103,107.454304287538,1675.5728361506,1249.58747690361,101.585771375695,294.145072329086,633.196673404341,201.82775920051,72.9964598758434,193.706973176401,57.664034607174,218.939053226207,100.000000000011,377.72586738611,431.653638664549,396.117441666842,1391.83595672868,523.542671754423,300.000000015265,767.239842749413,11986.1890583738,485.57960041169,2709728916008,1.4210854715202e-12,102.941812739836,23.8790173702394,0.000181856237077227,322.183167246926,18.9042220847725,0.0895282504178567,723.00697942976,180.315270055686,8856.71567873291,5830.04733777153,166.257336912372,652.84664868749,979.16965349327,265.545328532909,297.089721003935,96.8092312330123,97.9237428268002,246.229874150074,100.0000025933,496.633917352383,564.021509472312,588.812266558791,2171.18754706266,636.186152099682,512.848197224592,1380.50737967783,4863827.95720458,14574.6099453139,5.03607472415483e+29,0.0392886319976355,447.75605519112,129.344557750235,1.02458589559944,826.654817583001,104.470643090618,0.181467178393746,4069.84414368042,1293.02855687984,7932120.64376344,13872.7558189889,295.933850840622,2581.34966991566,2332.52775145267,1692.73281638279,386.992346706475,503.216525868734,304.228754449889,330.05832766714,100.027803879885,689.700509771548,1128.96756396537,909.406285787551,5805.56298861645,796.594311555192,783.378651414361,2981.70692313343,97237.1195085442
"12",0,2.98487717127989,4.75675960842636e-07,13.4859080870932,4.97479528546648,0,306.164232498477,21.889033673528,355.556048305525,451.616997961085,40.8940892016099,9.95066254370909,255.41096489544,45.4459088368674,56.3163340551062,15.4716170719257,45.4954003285811,203.210439484084,100.287844979069,305.276796628572,332.760811833011,398.222911998578,300,401.391854268461,644.13169466739,251.424735645794,549.313675618469,0,0,0,115.830145646104,6.96471339965302,0.0615993816815035,35.052371632145,5.96975434255978,0.454324018590796,1187.4318820037,97.5306599281746,2241.36246290126,1682.2434060141,121.484880098101,153.178605838087,135.817958131717,420.503805412761,160.494520432898,89.2813269942906,174.859905306351,209.506073570793,100.000000000007,389.182472899152,442.587805977673,387.483472641785,1452.7435611103,522.316541655669,300.000000000871,730.949340303522,3598.95046599663,393.798922747493,110,2.8421709430404e-13,129.377426590503,17.9092630276792,0.0484237716038933,340.92261896267,16.9142989327669,0.179056500833326,1318.57725476277,266.992258826397,8120.7526562426,3543.75710759969,188.146367626041,631.977401814493,760.400544336008,381.119446420306,363.708583813434,153.33462106244,97.7082224008668,226.165161111448,100.000001659017,478.578115325588,523.27669563952,553.985144693359,1945.77952322128,581.923672229608,596.010299879042,992.108658611896,1998098.92883566,10414.1736388509,6.1003435537004e+23,0.00100389528785172,362.540652559243,91.5362519764036,0.569699326473597,631.207428845954,136.309148427285,2.36264647282064,3733.44577916787,914.571546870509,2196331.7416433,12987.2668982332,304.530849936926,4445.01045445221,2644.2702347711,1180.64803927023,450.253973686066,571.571249597454,455.582972556738,329.334275795236,100.023046331137,748.556657443466,1174.15346543747,908.496175446637,5671.91231661593,734.820347835719,820.80755198938,3570.58948441993,115567.247447146
"13",0,3.97983622837319,1.14540974891497e-05,16.3774689569162,1.98991811418659,0.0895282504164925,367.177430500139,28.8535541250963,158.53790561252,67.0658872522908,49.812629333876,5.01194548301078,1.43441790718703,18.7801657951991,76.3182729787377,10.8817920311478,138.750491255572,204.474646449331,100,303.214093260658,335.570513201436,398.008989440577,300,398.650607094965,611.821808064657,281.578060626633,529.728419487536,4.2632564145606e-14,17665,0,49.5811414738292,13.929426799306,0.400751354239219,35.7860496577902,13.929426799306,0,435.874579298576,95.5219555452823,1360.63364874711,890.445007198495,105.565205305255,195.201460050379,371.458739864059,100.422191571377,72.0250879387634,170.280525142718,94.191037119167,218.71481977637,100.000000000005,379.31523316326,466.478332697588,389.786870509258,930.635671511763,521.046121552488,300.000000000012,530.381182231639,7104.01847795125,455.387257833136,64,5.51381162949838e-12,210.606564341997,26.8638945415189,0.0911045507685913,350.695438726296,26.8638895036999,2.90743983781101,1175.47356437084,198.031914541988,7596.62866734688,1823.69524387354,148.348309041267,394.00403656732,957.481540298236,726.399161834323,204.121852739565,167.038499692402,93.964145327524,224.008838141564,100.000001312316,535.308273197596,573.23374989972,585.192437116272,1984.33884623199,788.235607100553,560.62569307163,640.877910999478,5140764.74014305,7661.89830301214,2.36084445967727e+31,0.000813428658716475,369.922066105686,119.394976443136,0.293834488397465,749.792312065209,162.177957430744,0.5453393426194,5826.75318052396,1218.72649534608,2416517.0236987,14999.2092577837,277.662055438096,3273.02337351232,1989.79124625961,2208.45306922464,506.730884496028,448.744527349291,275.686937267001,341.803495706482,100.026512571014,701.985953734417,1067.48863117395,969.550616730241,4905.88214670946,696.308395633119,780.097212831195,3478.7803046729,123010.957422661
"14",0,5.96975434255972,0.0496058305240012,12.9241788071309,2.98487717127989,0,302.874180692862,5.96974930474062,238.601871725689,54.8591991291105,40.8336906420479,41.7907382712197,120.962954295843,21.4288598707747,56.8520785789417,1.88594370872352,21.6126713171243,205.407243281752,100,310.44099853919,332.675206419839,397.757231228747,347.149354998313,403.312157659822,583.734041404447,250.629487853304,646.102069477297,0,0,0,71.5032152037905,9.94959057093291,0.205448827937062,37.3731676347422,7.95967245674638,0,1422.10792054925,69.6467289590889,3239.92321184845,3498.93441807724,123.474640177935,212.211191190866,415.594633768916,97.5131784331586,88.4913674873865,46.1628603059578,97.8133413380319,216.578997579898,100.000000000004,400.22502961686,466.089076044398,393.117964712142,1715.17377528535,543.143827593063,300.000000000274,759.033462681225,5600.36994615471,70.8462360972545,862263175900410,6.25277607468888e-13,130.997472161768,13.9294267993063,0.106622056253286,366.531328697753,10.9445496280263,1.54202855663993,2234.36340079649,154.306246620283,6021.23221632886,6144.92671691202,256.797009855202,400.201964180848,948.120901891754,237.661894519614,413.618548550588,186.927003603797,95.4971777033043,228.177539475163,100.000001932399,489.079815497856,548.745349461083,560.419165213877,1863.52795809044,620.802980735523,594.068237010117,552.887787637527,1822591.2734264,735.658680670167,1.30552563908027e+40,0.00146098012805851,330.446804304668,121.384852902115,0.931578938514235,140.880936205322,137.304180957055,0.181409869446725,3442.53879357412,1215.97321395998,10313325.1305488,11552.160215631,249.711604781683,3967.02693627535,2115.42465325395,2078.15276526748,466.491177944397,455.464452101672,338.828204631187,327.014314119879,100.024866715834,742.083974743301,1107.38085306503,918.973687069343,4946.91730105857,762.032043436111,765.963692481976,3436.84078512819,63809.2696260499
"15",0,2.98487717127989,1.90181833659153e-06,16.6550268159132,3.97983622837319,0,362.809478484211,8.95462143820146,119.946015600415,51.7375625679388,34.9243258091813,55.886515341306,1.60862876709962,40.1163877802903,20.4387540783439,45.064017748999,48.256892524073,207.206237091982,100,310.517236084966,332.193272351503,443.438496113166,300,406.816854770583,300,243.307066990353,831.386016223776,5.19975174029241e-11,0,0,105.811465558254,5.96975434255972,0.000113996438358299,38.7740689551148,5.96975434255978,0.454324018590796,366.245578520744,93.5322827506957,3240.48110392731,1002.48268278787,97.6063347841505,157.99812585037,416.412310049108,167.134955926025,104.564858147475,102.120216168473,178.593590856055,215.405296108196,100.000000000005,380.18752258095,455.763206898361,396.527252996641,1119.23677814058,538.173284499257,300.014300057102,561.396709337889,8771.35003737051,9.60146014856211,679,1.93267624126747e-12,186.814505738648,26.8638895037017,0.163489688931691,83.3447046434256,25.8689304466066,0.0895282504171746,1402.49584626232,137.568456880674,191398.658306717,3596.12999844158,182.176709991284,510.735490592195,763.448693176767,432.774889803753,294.346332318053,66.9289769479228,86.7768524436656,228.5735262709,100.000000815319,474.853129678357,546.664080994142,542.362019014885,2048.08717019408,647.087134430501,545.441483112366,862.649657841643,14840316.050374,11207.5529513264,4.20028364604569e+38,0.00067410324732009,375.360028002015,63.6773899890993,0.43456683177908,808.624567472963,88.5513379162182,0.000215372939237568,4076.06497865447,1068.08979056535,1582063.29574327,14352.0142430938,237.726193315387,2819.38017430138,3545.69980740571,1790.91799792953,425.40352016994,353.007034738304,455.478855732928,323.907386304147,100.021399236163,742.675063860634,1058.92880664277,943.622175130046,6334.30554943811,778.133064588616,657.879818934583,4442.89082433154,316944.290843374
"16",0,2.98487717127989,1.59282491267732e-05,13.7630397468625,1.98991811418659,0,3.60232401080702,1.98991811418659,615.338302715367,21.0229811612151,26.9647065281899,10.3098081120456,1.32368759509018,25.4832779489691,25.1961615328753,5.66615452049723,22.3020916432877,204.474574538026,100.344439317795,305.156319025766,334.51434686065,445.801374859258,300,456.058551090722,583.745226265944,286.679491759594,974.692390016681,1.4210854715202e-14,30,0,93.2005331814042,3.97983622837319,0.0813470007767592,35.8162206132229,8.95463151383967,0.454324018590796,1093.28232774523,73.6332639771242,2025.86749191385,590.48355690899,125.464369351873,171.792294717662,274.713226781488,50.6294448073459,165.558788251106,82.0735545264538,179.656108781628,223.079897671443,100.000000000008,379.29193407547,459.002839418191,390.28936314296,1975.6570720739,518.940524051176,483.388883045852,683.992681251076,7167.32516476085,317.361942804539,110,6.25277607468888e-13,208.518410084892,13.9294267993062,0.0241450739611082,331.175238125152,23.8790072946011,0.0895282504169472,3390.33095883512,170.08271036381,6573.20334283128,3047.74107997444,232.91858382842,506.194330794119,129.24195729384,247.661521300113,342.924794286063,144.951101934952,125.375202566082,234.799227711409,100.000003860309,469.994817299635,546.423433995119,549.343655507019,2116.82003693774,676.034693634329,519.733238335888,1191.729661192,5153608.11951466,4526.21586537914,6.2088934213739e+19,0.00126691103463372,350.523781477855,71.6370585511671,1.08513116785366,593.375272578255,93.5261080968504,1.18785641850286,4716.0369776897,1281.59970218675,2146650.65370149,12881.6974163074,367.318340386754,3835.09175515272,1479.33371772638,1905.9322554244,565.606389075216,814.542333537594,361.363105543155,323.840031620973,3286.16092909755,725.604247347888,1095.41391105046,947.078791212458,5117.89183540079,760.418282201817,747.754470012846,3127.57563978456,112572.199438794
"17",0,2.98487717127989,0.0130422960412488,13.4028857869129,3.97983622837319,0,220.741993401381,13.9293914891343,434.487481765791,109.756990104428,44.8738386102843,48.9693576074283,1.30899684442875,26.8726829182374,102.029195013342,21.5325541797158,40.7858368085278,205.68229862117,100,305.874857463152,336.419432398692,443.413063861919,300,402.761282605969,583.734041404447,294.306679118366,978.945168183883,1.4210854715202e-14,0,0,93.7987017952112,8.95463151383962,0.505599961885196,35.4791982766361,14.9243858563993,0,1671.99363040277,75.6164530292874,1412.5437170956,1145.66220074462,95.615762299145,140.80750914051,713.762381060337,79.2897543954641,210.223249283076,77.2430270204047,62.5998655955718,227.971494359035,100.000000000005,380.423614119377,461.710336123713,387.600459634949,200.000000000023,534.823276802288,300.000000001271,792.442785093537,3763.58900137931,536.555817973449,72,5.22959453519434e-12,208.957953362677,17.9092579898604,0.630701449357844,338.830254595278,27.8588485607931,0.0895282504179704,896.316432617157,156.592350495324,7782.54840092275,2980.72066224694,211.029598703653,530.163811863397,371.856705974047,240.866855628329,200.824193763553,94.5156495446356,41.2347020754637,220.446807730567,100.000001464673,457.048679209401,555.227590435782,569.019703794474,2391.22102413726,642.685751740505,626.255675009947,823.300368378955,3416173.37936124,244.881264954157,3.46102894433595e+32,0.00154309634120864,152.890098202244,82.5815306938134,1.33827876986277,854.050060574395,106.460494384375,1.99698209758321,2803.82066768662,1000.89198068352,9789651.86730154,15751.0108006882,299.59384410129,2108.90353122612,3261.9946883491,1857.14696632208,463.250182066659,730.249647437799,419.997656521876,349.849986179545,100.02073315264,812.024918266305,1133.17729178986,876.308761584407,6496.95256583859,776.486237123442,800.263114957798,3501.36343850498,56376.9423458532
"18",0,3.97983622837319,0.00691193944794577,14.3192557791358,3.97983622837319,0,3.60232401080793,0,237.084812213521,183.530037538694,52.7322555553919,22.1113184103265,121.046283437772,23.4725554886579,38.3607051677955,70.2788110174274,5.59913687079484,205.764592376238,100,302.575746289062,335.013438751433,443.438201269044,300,397.501488511798,300,291.791297636695,576.38745908889,8.5265128291212e-14,1359,0,89.8733870748348,14.9243808185803,0.413945281209749,53.008473977762,5.96975434255978,0,1146.43937651128,76.6115341857871,3219.29241041038,998.143952134664,106.519047269899,232.90234537656,570.48396094709,170.669934474266,121.612056658563,81.1780145511907,165.568749319349,216.553625637444,100.000000000005,379.203100929013,447.953576863697,387.570588788928,1130.91133679369,561.191461617344,300.000000000148,588.165754894848,6056.55641620822,86.5912607628748,344051571580,1.72803993336856e-11,146.826246121429,17.9092630276793,0.0752420280145998,66.5687855884927,24.8739764273324,2.27373675443232e-13,2404.44845999591,177.767435244041,8285.27984848596,3207.87731988634,242.868225802803,587.689127741763,500.632841755414,374.419056995768,270.728628558084,191.022896946281,119.009537321298,222.207867944614,100.000001988676,492.205876106108,548.649992945093,584.477148326677,1911.99330996984,653.609678485747,524.39744873591,1375.6107327861,3871372.0871356,2820.20210794454,4.36624443472036e+29,0.00254974380129624,348.28433955061,91.5362331762708,0.332007161273395,709.578298275225,99.4958345279761,1.63215315613797,2826.45472860356,931.895978352485,3064698.01754057,16083.6353629404,255.029376088008,2372.2087042081,2286.75058449978,1815.83641705999,431.697331162735,415.129228375563,399.831889163516,383.624005920827,100.016081129506,779.716574825694,1223.22071589258,953.223065980294,5425.69685044505,771.612009387302,703.585532987543,3725.7197003322,151159.443298852
"19",0,3.97983622837319,0.0978318492012704,11.5885202455771,1.98991811418659,0.454324018590796,3.66477845184545,2.98487717127978,406.07288213354,31.7286629944826,21.9898622475723,16.9142125251105,0.566735211225023,40.9328359074739,61.2489291927445,52.9532197765036,33.2458037788501,203.258376456793,100,305.39107371626,334.227478254843,443.380657208129,300,405.989386755146,611.821808064656,259.448488867244,583.80929396273,2.8421709430404e-14,0,0,89.7432270368303,8.95463151383962,0.134579608739614,41.3307991107727,7.95967245674638,0,722.815486196536,101.484869504608,1078.39411384535,1949.31713709221,117.504945386514,238.112594428353,458.223531193646,43.0436302668256,57.0269677805313,64.7286169129006,50.0982605617774,207.576329775691,100.000000000005,397.393440558061,442.306279002678,395.414697349783,1191.61078590861,538.97376222165,423.252962816872,661.590324034133,5914.62552619379,537.198537084813,5066,1.02318153949454e-12,160.795024274761,27.8588384851557,0.184548760199732,64.1449902757696,22.8840583131457,0.454324018601028,1951.66332582746,157.278517044842,17163.8035224929,2397.13341315857,134.418883240537,602.170564355751,727.043647923043,270.338877406043,251.075338728483,96.0490327622638,99.8940695570673,241.526697473364,100.000001090204,491.998764461654,538.877708597046,554.553413276774,1668.97461336841,751.675244040083,548.471955425996,952.460154533368,2528462.74456039,17488.9151351538,1.28970262505133e+28,0.00177634255624071,294.890573132534,114.420229021128,0.673330526211657,825.534899550478,92.5311720096296,0.55130497986579,3257.95326373869,1119.04149992238,2141514.45529316,6543.72873284327,364.094565064534,2310.12991027833,2696.23603195601,1775.94718499882,453.221537215418,361.125222810517,423.571258706496,354.756081114704,100.032665122817,749.808630557096,1159.83391586555,1027.72655020432,6153.6863745082,790.834531212976,755.365822153615,3951.24636547286,159701.446646463
"20",0,5.96975434255972,0,18.0689706420098,2.98487717127989,0.0895282504164925,553.719773414045,12.9344526287555,750.247832370245,267.507283611803,70.7423898981526,10.0905461552509,1.54370728309982,25.6186005499876,375.215924217714,76.8283502281331,28.2342526498455,203.536623025542,100,304.813293025944,329.544320371358,443.345912887686,300,395.223101462051,583.734041404447,288.465851475244,609.461248958285,0,4820,0,113.33134711634,7.95967245674632,0.0469170407104684,34.3319975410234,9.94959057093286,0,1496.067630524,115.421255651183,3031.45691263744,483.191970954172,129.291448442693,151.406088252306,304.277169175149,306.977182447462,162.614892700534,83.5020167848684,204.330753355589,211.831307831553,100.000000000005,381.44008348031,427.801055619911,393.760294660374,1490.32349622932,508.697196457191,403.285680653326,490.314465689841,7656.43995204134,13.7580601501376,5542010800,1.25055521493778e-12,200.635627535731,16.9143039705866,0.534735981436029,338.771272508972,23.87901233242,1.36297205577478,1553.41066001584,162.010860176881,11355.7989324978,2887.99725505498,216.004994516083,489.736613053308,377.27671599094,255.620648333729,278.299711230946,112.392376503787,78.1800777158578,238.90298640653,100.000004371491,493.485692865588,572.321555609105,510.763851689235,1975.17942602233,607.294422723394,536.762947300888,690.174971073737,5306214.66567315,80.7026134869628,4.38181766889957e+29,0.00255340461416154,376.874272783734,72.6320201225476,0.928644082568553,825.899985420827,125.364710500536,2.18341054244718,3701.11928440576,1218.38780867958,861316.559037548,11102.1654536851,314.808497011363,2408.36020459059,2617.10491494837,1970.04513791901,513.75543174988,432.102204657939,344.784977768947,364.13445852549,100.024503157998,753.53586518968,1062.7643423083,969.707575288037,6814.71855656029,664.615386278109,663.903032448935,4250.71180643409,85405.1760468017
"21",0,0.994959057093297,0.208948241851658,13.8695103103865,3.97983622837319,0,299.709037769326,59.6965121371136,357.040206340127,29.8165849122124,13.9293914891343,10.9572886139556,1.68904063140258,20.5924564914571,24.208164119583,6.67647688112129,29.2667745523925,200,100,302.881632292439,333.227847350624,397.835683018444,300,395.984766687189,611.821808064656,302.075735611224,430.383674396561,2.8421709430404e-14,179475151,0,94.1313060313072,8.95463151383962,5.79026391278603e-08,36.6780430284476,4.97479528546648,0,732.791717298482,89.5456414492608,1895.27575092418,2864.66228160748,126.459119076677,228.724183807806,248.581825817974,191.810100587116,75.5421106484634,153.699359246118,178.212126362173,217.482509318332,100.000000000005,370.639030699285,454.364476064553,387.170030196566,200.000000000015,524.118556767853,403.285680653326,572.771885652724,17964.2041378064,1071.15567619985,965,1.4210854715202e-12,212.77850532228,14.9243858563995,0.310493074471196,228.366721029111,24.8739713895133,0,1788.05246754801,178.866743860906,5070.91634089181,7357.02912353603,258.786663325768,551.263546957708,467.000361436769,264.028409232585,289.683664976445,131.786234865256,241.151657040238,222.344975434117,100.000000619241,490.768950875163,559.688391254473,541.047810547731,1641.35821763937,680.065593883264,523.428705631686,1686.09860438104,5516296.74546802,14763.2615019429,7.87413028466048e+43,0.00108355863403631,359.791765236531,68.6521570578242,1.07507129214457,817.483907214999,117.405073509644,1.63207602904663,2529.23537114434,1008.22281073627,1317523.42253749,12559.884520188,262.643484503285,4473.94490219069,2927.28540689891,1208.28353294804,405.17871767816,1007.27850855714,401.834407588935,315.768739250564,100.020097521945,793.725920888603,1115.39812541446,955.015464826616,6276.0935698002,802.244749268768,773.669266335911,4093.53085605761,83699.6560769874
"22",0,2.98487717127989,0.00491059822638817,13.1296866551423,1.98991811418659,0,122.368137405454,13.9293914891343,357.040206340127,108.425969161922,41.8853856302619,19.0104963890287,1.704042012944,25.6053645446091,25.9657107892501,2.84658540034161,139.745463682601,203.536623025542,100,310.899393979762,332.603641915809,397.742869469987,300,400.806563787584,583.745226265944,245.733188664991,4002388.0980845,8.5265128291212e-13,0,0,111.432350390657,13.929421761487,1.63772434689236e-05,35.97857876298,11.9395086851194,0,546.043639615631,128.348587038599,4253.73348162774,1798.42539447406,115.509776904104,243.177164578335,522.123688310041,205.875762532814,100.972694406226,167.330197252853,184.618004719406,210.686508990054,100.000000000004,378.521064259286,439.809076980482,393.821817671826,300.000000000005,539.587578805682,300.000001776378,600.960530156806,20630.16683903,5541.51836503871,512620,1.93267624126747e-12,191.146140762284,25.8689254087874,0.0496080434614896,319.767120579454,20.8941401989591,0.0895282504499164,1536.05713579446,149.330686019876,7315.8421151031,5045.21209103194,301.569803575783,408.758614477207,1237.96310200939,324.951997593756,201.172700554619,114.613015854782,107.316807413646,221.35232811314,100.000001418402,529.593262653858,539.52464348689,569.273239847113,1619.73258628619,591.676034783653,578.771613676009,926.964185841901,6098879.7369115,2425.81144664749,2.62924793486883e+37,0.0190948800293427,313.227474628232,127.354551241422,0.3719802355605,793.347348578656,88.5513852697138,4.18474320675921,1821.70167331527,1294.2841249197,1423760.90924367,14167.037226497,257.290087355632,3102.17658436249,2687.29050607606,1761.73512201896,443.160491817397,514.286978944826,273.649061052959,374.93728448688,100.025160235512,758.277519502055,1033.09165397502,973.474486384626,5406.02525308261,771.977486265487,784.600597431941,3472.68879993064,111139.558489844
"23",0,0.994959057093297,0.0244106306311096,12.8049381092054,4.97479528546648,1.72774666803298,126.842534756845,52.7321947823516,516.169818407773,135.179426959757,33.9267167635157,43.206353914514,271.493753967625,39.1914759068309,46.570301429859,29.0019194753995,145.362141859023,206.222487511949,100,303.798302072453,332.140065623164,443.387623140664,300,395.053184481718,300,268.536355409454,703.575168185716,2.8421709430404e-14,0,0,90.4671889700442,9.94959057093291,0.00172822186164012,33.5846091601919,5.96975434255978,0,939.821300700742,141.290003334804,1659.13088348469,1639.64790528242,109.545637436234,375.80150580786,172.547036828766,81.5356233235202,89.9166073159356,175.967325073113,67.3927448876748,221.765612978887,100.000000000006,397.633013267438,473.779168888364,427.155423480612,1519.3972351018,521.74848192644,300.000000000435,707.176333468899,17074.4432853615,59.628661172815,6876,1.13686837721616e-13,153.335705880864,37.8084240182687,0.0178590667779872,342.083248303964,16.914298932767,0.0895282504184252,355.770508418533,135.451013459483,5196.96220467863,3321.77943864961,228.937086032491,914.482647284618,1024.18562134484,356.779357602077,311.483174585718,86.5454067094877,66.6857321047773,227.381092165773,100.000001066598,515.858259024478,543.391373085907,552.69796599233,1510.22286420743,722.774681602654,527.214430540512,1050.23652264367,2353208.17122242,8975.76470448623,1.96188871829905e+31,0.00105364173953149,361.398212652081,71.6370341293064,0.17485396516463,819.870147202577,108.45043052271,0.269172376716938,3592.18362895017,1075.24384835601,2176310.43273765,17186.4439485338,296.711742933853,3097.95299824703,3240.41970609408,1707.55650405957,369.836215877978,699.508968607848,276.981324517389,344.521596203258,5232.29737349913,781.172044602431,1104.22208870079,958.186140190016,4858.28558297225,743.483286673732,819.682535001441,2676.84030648606,85412.1062480899
"24",0,5.96975434255972,0.847114287574982,10.8671697508792,4.97479024764743,0.454324018590796,613.62904539123,3.97983119055402,129.611289698612,68.8749419097919,40.8940908864561,4.99961465570641,119.15664374745,38.6391008262101,220.985254387927,25.1351401769134,21.9899170804872,202.992179800309,100,303.214093260658,100,398.321100144143,200.000000000002,400.994876954372,583.745226265944,263.874898830571,1006.77461072327,0,0,0,114.808371791957,10.9445496280262,0.0150157374256423,37.7055748958232,6.96471339965308,3.81608787498828,712.776629330019,97.3469064598612,2087.35294194367,4105.6590024598,62.7758980111712,316.284266609781,289.833590534508,165.692639077211,94.155348812372,135.763452426829,165.967816978407,214.821133074861,100.000000000004,388.765189016087,441.460995766989,386.97945406857,1268.2557245522,526.919796710533,448.455342770311,465.660218103789,5751.95848425564,442.307463493271,1540788,2.61479726759717e-12,181.10913723589,25.8689354844256,0.0123705003929899,219.212459942394,17.9092579898602,1.13686837721616e-13,1786.39478767584,97.5592795452662,8066.73825636115,2243.61995300554,167.252871524852,513.710394448606,910.869001973361,327.104694285973,402.443163278711,117.772899483455,114.738763450632,229.866663017462,100.000001751511,511.942832682941,562.285754901073,531.552508087558,1321.51011634413,702.581922585523,569.868004919267,1045.10370034312,2252554.80349338,1386.82835557091,1.88916277738781e+34,0.00109870623140296,420.357572127139,129.344530463887,0.3262056792164,835.382515339438,96.5109469413862,1.20344433714354,3041.96084015611,1162.17007645779,1576979.73055743,12580.3023233681,185.675647763086,3341.65431806257,1690.56425169414,973.334489727886,532.867709215193,724.751221178178,372.298438973939,318.353913106739,100.027160615978,693.635773199457,1126.46790358666,1021.02283130097,5279.35794843026,703.910409577711,769.206561381709,4541.70690057243,197383.963278431
"25",0,0.994959057093297,0.0985780276142805,17.8721610249208,6.96471339965308,0,354.198536914437,17.9092226796886,338.709582248338,576.348277969917,25.9483696664686,9.33600480943528,0.559349093771516,42.1428105607124,22.4562035328975,62.0349616941887,60.1030824180743,206.01187724172,100,311.554913363621,100,397.742869469987,200.000000000001,399.703700824116,583.734041404447,267.912923118498,741.468944304279,6.25277607468888e-13,483,0,117.984034599642,8.95463151383962,0.0617447077398765,36.9680700467068,13.929426799306,0,711.375367388468,125.36334409478,2078.6573721512,658.19236698844,119.489926639598,268.860346940355,269.687837930115,107.973326006494,252.25942575897,58.4631087354867,147.238593547133,210.424016568472,100.000000000004,367.676036439093,436.395225135052,387.507293202138,1376.56414104736,553.509283486241,418.74129876724,624.555863090491,5465.27707887254,221.191453995263,47112,1.53477230924182e-12,121.131936839247,19.8991811418658,0.0822013490512745,347.939813898262,22.8840583131458,0.998176287609795,1474.81843082668,166.969841902018,20764.5576131312,6949.7508945247,180.186621308517,397.192693100442,370.951369961358,211.85222940352,343.277338179864,74.8129911360368,82.7893808723184,227.838363555431,100.000001443079,460.447759007341,535.922023415553,587.599037719031,1622.66530703466,647.556372639699,520.811634058806,1334.08860224462,8834448.89585918,3182.6636527033,8.5225441148667e+30,0.000601705556903198,475.317734544822,92.5311413032433,1.25007472383925,780.938981752505,114.420219302095,0.579816861991731,3850.84606978037,1163.95788508632,2246773.20684123,14238.3899895976,310.009087016958,3253.4603256097,2499.75192251642,1748.07938261343,454.140365913633,431.909022304618,573.003053456765,360.913904748963,100.016845366411,698.524316899233,1087.16590090973,963.011404873831,6024.23776589829,677.95655445771,823.691474831661,3708.59634106417,125692.534755515
"26",0,4.97479528546643,0,12.3522738647546,4.97479528546648,0,550.227792957949,18.9041209637414,534.282920988725,37.5275522480022,37.8635242341024,49.8275636722117,1.51718723616455,45.4912660747425,46.3587410242969,13.4023689258072,21.3071288784813,202.843825748058,100,323.657802387762,334.815027517382,443.342273107684,300,402.02918723086,583.745226434236,249.669678887679,459.792068966193,0,0,0,116.837283361386,5.96975434255972,1.28912566060876,34.1028539246138,9.94959057093286,0,849.808674450269,116.4155935405,1418.8034239876,1569.52274505841,186.1557525155,168.499012879685,626.215483046151,70.9817235217188,52.5312120301262,151.405913995985,29.1548232516705,223.033891963833,100.000000000006,373.667953342024,450.023217930176,387.691426655416,200.000000000026,513.279523968185,399.818333874024,700.279627812399,4491.08478727013,61.426989292557,2499121,1.02318153949454e-12,216.851360051103,23.8790072946008,0.0666619815831382,353.701937535099,16.914303970586,3.18323145620525e-12,1038.57952456216,191.883444897161,25318.4683895777,3506.23776014456,182.177046677947,541.156872478385,952.268809154059,343.797264860712,106.470458191309,113.324733638421,101.081503761156,227.34769133748,100.000001433044,483.720932756059,544.075132391798,616.170977011816,2592.44658737154,678.15693710918,518.159654605237,1021.80917648451,2179606.57372681,1536.27838649312,1.75913055650299e+29,0.00107977507150281,442.217265262573,93.5261331076075,1.29857524739521,824.226830495279,112.430342859111,0.908803637467145,3046.33393329381,987.603079005914,9300715.7607659,16835.5920087685,252.644643216578,2997.06967988214,2237.98639695796,1828.99226385271,542.650518015288,512.615138600688,413.046423463903,324.191756245741,100.022586630076,758.148040402895,1077.91657069695,1008.31758106325,5229.10344292686,783.422832751236,693.577947145892,4301.92956843951,1485208.10488662
"27",0,2.98487717127989,1.24879803815327,11.8394430574943,2.98487717127989,0,788.857574199556,8.95462143820146,237.084812213521,5.96974930474062,45.8684576658713,33.0615573825162,120.759662223498,35.1879501356495,156.981477707075,7.13767921924887,48.848061073244,204.955449144441,100,309.325804374409,334.683395139874,443.345912887686,200.000000000001,395.984766687189,611.821808064656,294.646034000513,1248762.74270944,1.27897692436818e-13,0,0,3.98662385430094,12.9344677422127,0.0654257745292171,35.7233327511451,11.9395086851194,0,666.80773636403,81.5861415609877,4081.60721031033,2266.52777505221,171.232409751554,227.56202202809,540.350317799848,286.533482473481,117.722966103318,84.3938993648756,78.4612879729234,224.048599551102,100.000000000007,385.605771850654,441.880036968199,387.70634991409,1021.04157002387,559.672364106354,300.000000006879,914.375699610383,13968.7057215504,300.58649740791,992,4.14956957683899e-12,180.874698833272,23.8790123324202,0.22180791434721,342.901622802732,25.868930446607,11.2492079808183,2027.18548202506,169.714933197999,6223.45112445157,4157.64234815357,246.847999207941,386.317056884372,569.248294749476,449.331898211322,359.179437918314,173.024046131706,204.369665284567,235.888003591286,100.000010555191,463.435417316173,555.848918318568,534.337141532021,1496.13643998333,760.342393134821,565.758763733519,1041.99634167153,3654571.57664962,19353.4085167977,4.29586225399008e+33,0.00044611458105237,392.422252719925,70.6420842230305,0.699637479432113,811.693275218764,93.5261267787008,3.09234569511887,5429.76071784129,948.163965973343,1426931.67973247,14063.3553686564,274.566930102542,2662.97470537856,1598.14052829199,1454.31142853393,497.931625147954,556.178557014354,349.711638163531,357.290699174566,100.322226432816,721.602654689329,1068.67972909234,962.683655768345,6013.56408059425,770.683186946399,794.513077043664,3966.39380148484,93660.6378871055
"28",0,1.98991811418659,1.82091977131086,13.1627205517636,3.97983622837319,0,521.015950101896,1.98991811418659,571.567290852497,78.0417220970376,37.9081057569365,10.3697898325511,135.651218102933,38.5566702568008,36.9222228892615,4.4218576082153,41.1279543179246,204.771239551268,100,307.442855221845,336.699627362089,397.745670875791,300,396.928392249105,583.734041404447,242.340521418336,503.241173610084,2.70006239588838e-13,53455,0,73.7211900210984,7.95967245674632,0.0284752402543518,37.5354722780459,11.9395086851194,0.908648037181592,811.95396211866,132.103074280993,1997.76856614545,575.840355515174,103.573509253547,229.994546074801,182.911782415202,77.6684081961916,55.7014559067657,71.1238740289664,162.38848056413,210.139040881689,100.000000000004,371.020193630169,445.457019948444,389.102037075565,300.000000000007,533.769401173446,403.285680653326,488.152583430474,11703.0509128968,776.642038149702,308,5.11590769747272e-13,191.171752262613,27.858843522974,0.599522234416099,355.278682327965,28.8538076178884,17.9739225829909,1909.03698818207,195.601450237247,10831.8574454336,2314.51876358411,181.182224785922,677.058121297127,1024.15103816024,245.810699521043,206.605510557643,97.0998207163154,91.4001413177552,227.207057151452,100.000004383356,464.283762107693,547.475779708072,521.620840384376,1733.51652014972,793.111494675497,558.025706575138,1042.63429613353,4152196.99079563,22997.6952251712,5.12173241477264e+31,0.000508892610071143,471.794528877975,121.384892751285,0.568476750006084,797.31406561227,142.278897662221,0.633960453219288,2986.37036364568,1024.89894916361,1940955.03239323,14978.2817785937,312.984618162392,4230.89152134823,2582.32652652903,1705.58434381693,442.933562618876,535.853589739146,431.566632509946,373.76458160515,100.013641000635,719.132484676772,1102.50136013525,967.809515914953,6193.05044723332,729.126931707689,814.583395399662,4518.98261034169,223799.075744671
"29",0,3.97983622837319,0.0517686148195935,11.8415512275645,0,0,447.019033357947,3.97983622837319,541.694011140445,52.7571414235174,29.9494625314942,1.49488571549068,131.274239979406,47.6206980171262,25.4491551181234,2.76561086430206,20.6243345179601,203.591845127483,100,309.534907587655,335.337043470026,443.386832022275,200.000000000001,404.957764945533,602.691242260649,259.615725559986,1248762.7427095,1.4210854715202e-14,0,0,90.8241120384981,9.94959057093291,0.000153656498355303,43.1610251442924,6.96471339965308,0.0895282504164925,772.084921812369,77.6131204813146,4848.78069527155,2689.4218812283,124.470039866557,147.878295741652,511.336268594395,72.3167403788293,146.664831552434,150.528643277417,178.732800572654,217.050623648626,100.000000000005,381.971269967432,439.568121731431,396.610192727145,1142.82820773641,529.479351072265,317.356014851612,595.569096919455,4925.99487603363,676.958602633703,5620787,1.19371179607697e-12,222.409129850169,15.9193449134928,0.631682765167056,364.849332933838,29.8487666749797,0.0895282504193347,2270.12918842018,173.576568187773,15501.1532920788,5683.33258937745,157.301649319626,477.161973553308,1334.14742626151,410.852103040933,204.059950649034,93.9570488905122,135.949543969251,232.009014741544,100.000000679861,472.592183383558,537.329073834132,525.263360077764,1799.1029683834,814.878019728392,535.654413972295,1127.7701173923,5464952.6282244,16214.3965457289,5.75397813823843e+39,0.00152725049031233,332.511805610598,70.6421015262398,0.9157427204741,786.902407266412,94.521023077924,1.17820261781935,2387.17322271012,968.479432633,1498069.59342281,17216.550771803,341.73244344345,2591.16857281965,2991.29650196516,1688.80476721123,503.363553118768,739.469835612785,268.696714560623,351.577717111792,100.013156362509,774.710135961663,1051.41251780565,1016.90801207146,6420.72435567436,749.028391927372,707.983434655162,4341.16062087185,69727.445630668
"30",0,7.95966741892727,0,11.8659475995356,3.97983622837319,0,122.040658625246,4.97479024764743,789.627244102025,118.149708081571,64.671546057893,14.0042810463292,0.232596935527226,26.1368768485547,30.1661769859734,60.4998412466425,20.9735795009062,203.024116556313,100,304.204066771164,328.588539552555,443.387623140664,300,395.984766687189,583.745226265944,238.483643359044,416.207114679472,2.55795384873636e-13,11,0,88.033502413494,5.96975434255972,0.135166834023948,34.1540127581293,11.9395036473004,0,1013.28579365371,202.814117969996,1499.49504231062,1797.00891961135,115.512911940104,145.081015471682,494.866137731109,68.6817981407114,222.721676912328,211.82308480562,197.802754832194,225.4942211225,100.000000000005,381.706524058863,448.306107908671,387.49803102134,1713.3498959254,526.358638811835,300.00000027371,471.956674856222,7872.29178181213,23.8267548799025,67938456897,1.01181285572238e-11,225.161202751263,26.863894541519,0.224825797461449,76.6428645322693,20.8941351611404,0.0895282504164925,2051.63223543253,188.054567186034,4537.0287992018,6027.85814152328,214.013397395376,1057.22397618306,372.120337717621,243.863592596942,213.412945368181,112.110680688969,58.8170091979146,233.993680733211,100.000002002319,490.545883320837,553.914249184244,581.066945023085,1429.05723813049,619.2734319468,516.025369943715,1214.66030238472,3473395.48251447,3588.15840691185,5.26314401086286e+30,0.00220193905721544,327.117900412911,74.6219071721115,1.80518372417055,642.347004380765,104.470723138955,0.179841928803626,2828.1675492891,1072.01400167723,2752330.86514148,10449.1245913332,237.410940279224,2451.191871212,2848.68435875149,1918.27093035345,823.298843177425,843.205245239532,155.805260273538,336.854630708462,100.025003921366,727.885599451495,1170.0192282511,1122.05058784197,6464.68908711015,714.091483688893,782.425761744509,4234.8218961327,47708.062631352
"31",0,5.96975434255972,2.85002215605346e-06,14.9400327638419,2.98487717127989,0,370.467482305753,10.9445193556735,296.106713758518,76.154759750247,33.3658286002651,6.46709378378887,1.00407056226845,47.1471942544808,12.9375400155564,4.21542616041665,143.412948520641,205.918567206024,100.346105253191,302.881632292439,328.31882954862,443.722306229509,300,390.751898651623,611.821808064657,260.255035088946,404.59356377562,0,0,0,47.2472812999216,11.9395086851195,4.6493647346324e-05,34.4116276057865,9.94959057093286,0,315.845831053342,55.7243152943781,1134.61254544665,773.35432655147,148.347905069361,264.375564078538,377.220865260224,190.282746680926,140.067153536188,105.591891096588,197.505488065786,211.427872937592,100.000000000005,404.940569367081,436.04342864777,411.136053109084,2152.28544352542,538.067613236197,300.000000000176,531.211188719979,5000.31392234049,175.401860130014,1031173801123,4.54747350886464e-13,191.090729148098,11.9395086851196,0.407643979216232,349.638237319982,24.8739713895134,4.33146851719357e-11,943.692862689677,181.256524999003,7247.45896903624,6443.26881022385,236.896419582906,452.095576695894,668.501739027899,367.038200389884,264.900977036776,151.545763542873,66.2083961814437,230.37886732378,100.000002168007,506.623867733335,576.017386429748,584.68117781417,1460.06556530642,605.006830862646,539.384038601434,973.16856503326,2796258.82884228,3923.78148156818,6.36340300376734e+34,0.00105176692949271,390.86266520885,84.5714586069163,2.61340262235649,851.940484638215,111.435355210533,0.544787463890316,4326.95501191252,974.837256543168,1091199.43438928,10174.9701852255,247.567046206584,1820.71910417519,2301.2959576206,1876.342393805,500.883124685494,671.587273444651,383.615032764058,338.322454238818,100.01295625088,754.667574137304,1085.09061087296,975.237960994171,5164.37859933819,700.542164338176,747.174897263215,4632.13940188324,31409.5758184784
"32",0,3.97983622837319,2.92819640890229e-06,13.8579755983884,2.98487717127989,0,430.179467461154,0.994959057093183,217.347812375218,93.3354417248192,31.9372614812867,21.8890540566413,1.78637388990069,25.2488451226664,44.8809059887324,9.81020325250938,1.307132325064,201.961987338653,100,305.416080144285,332.694692128396,443.373121327444,300,399.500863789352,611.821808064656,252.502160085182,877.745800231446,0,10,0,2.18235332454242e-05,17.9092529520411,0.0404952376816254,32.8798885959151,10.9445496280262,0.454324018590796,547.107657820612,123.380769577564,1385.23566774274,1637.75451841631,131.434232938686,243.751371366186,541.621334952125,65.9716573845008,139.967148772748,96.9132878922321,181.683997498766,219.917975296424,100.000000000004,388.514258327237,451.196753836261,388.848191635095,1252.78837284851,529.812622170967,300.000000000033,509.822604998993,8124.43028804047,83.9072333633611,3254,6.82121026329696e-13,76.3074529065015,24.8739713895134,0.0513878480471703,338.018225772176,16.914303970586,0.179056500833326,1429.67586752706,197.826668216574,293126.222400261,3839.61803093259,195.110430782764,439.111038221772,826.182843784709,525.61405186889,178.84149247843,122.777562541661,129.742477937716,232.772698913828,100.000000738665,478.318968268415,518.669913002292,611.623103179493,2265.36023842417,636.068793832324,561.973384787241,717.570026713925,2627547.01149186,18167.8776513945,2.59348080174405e+23,0.00115665425653333,295.57749338512,114.420223618077,1.23516326102856,810.568040686927,123.374807566862,0.0899237534194981,3774.25493680427,1060.47338595698,734159.692985046,13654.9214301376,321.616865841072,1991.45440725651,3020.29518651517,1156.92057394914,374.394483769732,454.594895747353,437.64673346119,379.229794944808,100.01739878018,727.293651890034,1109.9081894688,913.317246983931,5692.10051566542,760.804069547959,798.880682274029,3102.79969790258,127903.954944902
"33",0,3.97983622837319,0,13.2440963685382,2.98487717127989,0,230.308210833837,10.9445193556735,590.053989098365,24.0079140677162,44.8581870997953,68.6578020436223,1.70602782954825,37.0106560566041,44.87582982562,5.55056663877963,32.9344320061336,203.951075980337,100,300,328.780949389214,445.797813422305,300,400.859159728982,611.821808064656,279.653458595941,629.927272631049,1.4210854715202e-14,1,0,111.116997886836,12.9344627043937,8.56723318065633e-06,35.398959196368,5.96975434255978,0,903.499677589878,75.6165193934723,1329.26795056944,1573.36794163765,82.677987479289,66.8535193465455,290.633482306401,188.805181346655,106.717239831628,117.822705107815,161.780869786872,211.845395063807,100.000000000004,377.95505132064,446.306468057816,387.352472135026,1250.06595613564,523.135276715471,403.285680653326,723.692851128061,8657.66476717013,6038.64932469109,23343876944290,1.76214598468505e-12,231.187597532314,19.899171066228,0.00788924711787331,203.278483622143,22.8840532753267,0.0895282504166062,1555.24212829033,270.562902463277,10737.2329043593,3330.28288297045,170.237415502215,696.655412597152,529.231205070132,458.06802562142,240.69753486559,112.83986407368,93.8764009283414,240.082712557238,100.000002817577,481.626001922286,576.258923008275,512.317044821855,1708.78677656695,626.62636675421,554.207407296391,842.796657665546,4253078.07557236,5551.15531093584,1.98229672511729e+32,0.00275035323460315,306.643995653037,92.5311548261985,0.421222003499906,798.878379097548,129.344485788258,1.00135482840676,3394.55131078728,1051.5084513226,1306442.0928849,13632.5124966503,349.139152961637,2368.93617134992,2457.51588202306,1651.25888857388,555.973553139003,579.842540709965,396.048342407648,354.717045479168,100.01682856685,729.000898323814,1095.53282752673,1045.21753055308,5408.46289382051,730.915274593129,788.779277351309,3370.74589901529,581512.485579081
"34",0,3.97983622837319,0.84601908641298,12.225675389016,1.98991811418659,0,303.123998457017,26.8637631481351,534.708585484207,63.063059716495,46.8549896423353,13.9344939901,1.19709027821727,86.1251032233831,36.2882202249757,7.1089748295999,36.2314162730197,204.557134620055,100.498462367013,306.017337969574,329.544320371358,443.400286008711,354.224126346244,395.086324592007,583.745226265944,256.515695588531,4002388.0980845,2.25952589971712e-12,2483701,0,121.215965682352,6.96471339965302,0.586999222402369,35.2999870081213,10.9445445902071,0,930.105045503382,91.5351246594685,3074.39760240844,591.427081319979,105.565390063727,209.622039693518,287.060712023232,137.41630732476,103.768672045082,141.962009055447,160.548516880651,218.806690279147,100.000000000005,377.690250356238,433.730280676748,394.206238219875,1304.61996975268,512.679112123757,403.285680653326,540.252982612215,5394.48321132928,47.2633740617095,1729,8.12860889709555e-12,221.746274575796,13.9294267993062,0.000776750640625323,346.306740807899,25.8689304466068,9.09494701772928e-13,2152.50548585146,151.666071585112,16613.0511998379,2098.50382333941,201.079651924691,686.602660603119,906.048666472265,257.314929523741,169.179342719191,147.327021275655,95.3021619691431,226.009284063479,100.000000443013,479.188148057576,554.656143560725,583.668224146839,1766.6825092583,543.648161356725,503.666224634776,696.953710808889,4206450.58252079,2416.99387903173,2.65123401604136e+42,0.00192412742569559,328.617939866068,136.309214189528,0.456786544059355,696.8530889043,87.5563719541431,1.08930081072845,4836.94706776275,964.643088571701,1368529.3561363,13288.3691013717,237.263401596876,2152.58060862958,2269.24944215658,1569.11549795893,472.366600768192,507.18817661088,409.12275979608,308.105043858174,100.014556262182,783.316100364479,1115.129481221,988.464283716451,5617.08705867139,843.746950479881,725.805949158842,3597.08400596948,122791.239115316
"35",0,1.98991811418659,3.08676726490376e-06,13.5446152239862,4.97479528546648,0,523.062418345702,1.98991811418659,583.660529795627,105.478121194405,34.9243304385516,4.06721749333792,1.53342843621408,40.7707645363118,24.1314210217975,6.59894723986849,24.2912833389457,206.071918856653,100,300,329.544320371358,443.400664916836,383.512433071156,403.312157659822,611.821808064656,277.936233214131,817578.056926239,0,0,0,91.2425612320208,11.9395086851195,0.162250573477081,36.9771966635585,8.95463151383967,0.0895282504164925,1324.60619925149,93.5253494196211,2174.32402392913,638.089596069601,107.553888258708,166.167256067269,398.841090483966,175.372255679899,190.347865484476,84.0906002635022,140.781361410458,215.60299883335,100.000000000006,377.616139954685,436.447899360261,387.357541170268,1184.79001067408,522.137697432081,300.000000000021,627.850541473666,11273.9879203299,344.69015672296,12719,5.34328137291595e-12,164.280149500387,21.8890992560542,0.170322262438731,242.320991877765,38.8033628786476,0.0895282504305897,1537.56738482801,125.073359643772,5865.85888360182,7744.37213769356,162.276376140282,608.569595543172,590.440918130106,354.572306852943,288.966018105682,109.099070435417,103.760721546861,222.207908159143,100.000002477517,463.921371688065,557.586669193648,574.731529267368,2123.8833628523,785.895996542939,543.013609248697,1445.30575567032,3198904.820817,4367.49484586561,7.18073400017682e+28,0.00170982117350604,414.872303045629,106.460551081796,1.55308351345855,838.1460381061,97.5059471329233,0.993449737379365,4011.95970830775,1079.42219373011,1541765.59448155,13959.1655230188,308.176902529363,2228.96922682469,2874.53673248828,1907.379694112,416.668310261442,443.973969479567,419.241216179986,336.384960092594,100.020034362778,798.03189005988,1084.50864208885,954.624592038038,6634.23879049919,708.282644806454,683.922826176687,3684.88534842117,179357.446509983
"36",0,1.98991811418659,1.43791498885548e-06,12.1053234339927,2.98487717127989,0,217.451941595767,0.994959057093183,118.854620583729,106.872229053037,52.823737455798,6.07230880539964,1.09636183278462,23.4943384242738,165.259789956935,9.22396850203859,28.2713498383575,205.774898829593,100,319.107828435008,332.255784313962,443.41923534181,347.149354998313,395.984766687189,583.734041404447,259.305537739199,830.518697173407,1.4210854715202e-14,2,0,87.6606580280887,7.95967245674632,0.0489595026998586,52.997408434083,9.94959057093286,0.722908769840046,909.461325896282,109.450288532866,3611.9894491184,820.932581349426,137.40083280189,167.451277088725,298.937459984935,226.524337987242,182.290101325889,156.375205430976,201.155815451876,223.444677405766,100.000000000005,377.890080694104,443.526332781033,388.894987220724,1544.06534515658,522.564306465826,403.285680653326,516.664153047908,7824.47282897058,33.0226431303749,3257,1.21076482173521e-11,211.14631904696,21.8890942182335,0.281128054399232,250.224939793889,21.8890992560528,0.0895282504232,1813.86553577836,246.649200669208,8763.46447901891,3740.16596777845,198.096158668395,243.98563691065,708.096361752792,448.626833154159,250.057787512702,152.4686391344,77.7295520899929,227.403738921408,100.000003835828,481.83729106079,578.819313130366,586.026345723185,1927.06013016082,734.713860943433,573.164853829977,922.102816226697,5613782.01864122,1729.46971031934,4.90410455827433e+28,0.000465129306803647,372.815525549807,64.6726864703044,0.603387274343163,804.406120780119,104.470634495414,0.909168030782325,4943.42659616484,842.706529221949,1804876.09316949,14856.8647942957,258.734698330184,2379.76253947262,3109.53488583125,2341.54795050851,420.884124842061,700.879705069988,554.394016410031,371.281121681635,100.017497858414,739.363000564088,1157.96433488138,1024.8487794548,6662.54105713785,718.879594840446,756.760433328296,4490.43697564881,92986.663705898
"37",0,4.97479528546643,5.37225946573017e-06,12.7292741312471,3.97983622837319,0,526.539833474432,2.98487717127978,129.611289698612,137.092508219646,11.9394935716623,40.8861307156626,12.8487790591273,21.1166598261752,36.3977998227138,12.1977531425546,21.6178482256455,205.510013874934,100,305.498239344023,335.879852309056,398.125985852816,300,398.698285699322,583.734041404447,257.403022434931,541.940985465635,0,4,0,87.6688114248932,16.9142989327669,0.624179167748025,45.1817269241925,9.94959057093286,0,662.864439295256,72.6385536824398,1634.48594228459,867.24252098761,120.489931317072,203.86689702837,469.562644757989,177.037715184373,95.8940281465907,88.0633854854364,190.062358838876,218.002998288252,100.000000000005,378.206289593376,439.145235236474,383.631166422572,1674.95367225001,532.474320762794,300.634794836544,499.798475722678,10771.6970024202,1460.19782302978,144,3.97903932025656e-13,221.380721683867,21.8890992560525,0.118598316728026,345.737315653912,42.7832142659167,0.17905650083685,1559.85317170583,154.846678880211,12689.5582414307,2670.29228303382,226.949676114394,261.157931741711,760.588630720109,255.008255398469,325.113126216243,109.117686625005,93.5348180819465,229.250253169308,100.000001061369,476.234046428561,584.892733537597,488.985789301637,1539.37706160145,615.292003625315,568.590433569041,976.950334481768,4649034.7493449,13600.0918153468,4.35718962860391e+34,0.00109677603927594,327.016370906382,71.6370180256306,0.830469854706507,825.011914895003,86.5613828182143,2.36495044129276,2795.94449609455,1186.81527410873,1480226.955661,10348.4350933597,270.542202193526,2622.04335171555,1980.76872471124,2405.01226095395,703.823421135186,524.086141259104,497.586296691749,318.640051585181,100.036807437978,683.577077007124,1072.43470137082,972.561931042961,6212.77017770938,781.221570475528,737.794500654295,3483.04551286981,249689.423245734
"38",0,1.98991811418659,6.06977474717496e-05,13.2695440569759,0,0,839.057755468162,8.95462143820146,615.352869698565,57.7071695765585,63.7648185830008,1.05654807576843,1.34927975387541,45.4326348646005,94.1953805009657,6.43897023981935,25.2869635030695,204.926327811878,100,304.110729921785,328.204796171382,399.584967871679,200.000000000001,394.087348396069,611.821808064656,316.620846793134,817578.083488975,0,117371797,0,70.4575608373988,11.9395086851195,0.658387582400792,42.6463125646344,8.95462647602051,0.908648037181592,562.291109363876,142.681561207926,1871.57062334207,1032.93261449474,115.515487093481,191.589711526108,432.10655052545,199.542537115672,234.285965017411,103.947326530295,80.2153205186155,209.050315375066,100.000000000003,363.290427482357,450.116223216767,388.339290722769,1440.61981004483,552.937713862755,422.613407320888,498.295692166912,8788.70254920438,453.483452199136,151457497960364,1.13686837721616e-13,247.537795063014,14.9243858563995,0.233443345189926,363.805248939146,22.8840583131457,1.08770453802492,1366.70070281899,268.867378857518,16759.1418696371,3600.07773333017,181.179996373319,562.698231879742,1238.68845501759,301.409567511145,277.163651477763,119.43154672279,220.258517028572,223.565196983985,100.000001295623,542.04075716313,558.112983596483,575.436412191426,1843.2110604488,601.372307787346,521.481196993946,989.326100604823,3766807.26907649,2964.52767562604,1.13931978523165e+39,0.00103171984864048,376.8424900377,88.5513020164753,0.329544586241582,158.881707221885,80.5916343007125,4.73092494016566,2644.60242046107,1257.31077553849,1196136.4195583,10196.7549943604,307.783097041039,2705.66959967028,3249.02879856689,1408.2906359463,516.574159437165,674.326180930542,555.262897866255,339.312946449927,100.013769553972,722.465970591811,1170.28851507633,981.014144815411,6788.65997516766,759.351048472732,789.354910535356,4470.86993236391,220164.64176204
"39",0,4.97479024764738,0,12.4586956977937,5.96975434255978,0.908648037181592,3.7272328928857,10.9445193556735,427.017541458462,329.265688511607,38.9034025922995,13.9398076697664,1.83698896746819,23.4153579882793,27.7853889364844,19.3124543361575,49.1645517303518,158.508859712806,100,303.006745269379,329.944632177248,397.745670875791,300,404.345262731575,611.821808064656,378.587060943083,739.980839350258,1.50066625792533e-11,5,0,116.996081498518,10.9445496280262,1.14264536873566,47.9406533713055,11.9395086851194,0,699.531060924424,81.5861213642734,3118.87838080347,413.308824513525,140.382803480323,188.045859176473,262.983096105439,331.054378526657,135.718623793211,87.0780118537505,164.360980300447,211.04440252308,100.000000000007,400.978485968516,450.775444182605,387.423806049029,200.000000000021,527.873845598337,396.919239441654,515.246333087312,8465.53212848078,455.225840028263,101200,1.16529008664656e-11,213.461584047463,23.8790173702391,0.146771522907216,359.5806148485,32.8336337706214,0.179056500832985,1297.14206929414,213.971928883479,10060.4829887785,1989.64059591561,148.348870028491,512.52145046748,1123.53175903383,205.733502410285,192.963933778458,187.467255059531,88.7087489252472,234.07386288766,100.000001341808,511.34007754912,530.101356613939,536.341736399598,1699.1181864198,710.929465735284,535.365385071553,1021.45254294987,1691065.2209129,9453.23227481044,2.38741835061904e+38,0.000652024955570596,392.845438808453,106.460509776684,0.719977140595233,831.130774620575,84.5715401241124,4.71845026724532,4075.4274346147,1033.77068261409,2352721.81665107,11997.4864978839,300.977964143864,3199.29745636417,3075.69437309344,1704.87288388294,416.857888408162,479.311289268922,271.069595640188,336.854888133181,100.018581734544,732.859534100775,1049.13550886651,953.160193915939,5624.43098625394,785.437763047729,779.201579973871,4106.70543263219,49785.5556215199
"40",0,0.994959057093297,7.71293936168149e-05,11.7846518261457,0.994959057093297,0,118.625697937554,2.98487717127978,534.708585484207,174.273304388106,29.946296265402,2.3146487898789,130.477624372641,77.9395221580053,65.2451658101349,4.37686497976415,21.3071177602762,206.72788410616,100.286376883042,304.745261449452,328.588539552555,445.80674458259,300,399.986535596149,583.734041404447,253.938783089268,448.175408414775,0,0,0,92.6742878369478,13.929426799306,0.0213088085561139,32.6549095825015,10.9445496280262,0.0895282504164925,658.953134259425,63.6769847523522,1417.95958058789,1076.05645558488,137.403932637036,195.946225660344,400.579058091471,172.846203934356,249.519500719362,137.604189979519,192.490879571572,213.922334432611,100.000000000003,376.385714600129,444.094075991925,388.019767962327,2005.7718324227,518.68107305112,300.000000000018,494.890704116752,10614.1691395615,468.001060423055,13172,7.67386154620908e-12,139.894287764602,24.8739713895134,0.691977608274215,361.342418343317,24.8739764273324,0.54385226903878,1670.71919673219,128.045814553891,8133.88551270729,3883.66085417248,210.034170509894,445.802072308409,365.897878527938,508.415733560499,192.804499124275,101.611772411701,84.4879310973829,221.419244933719,100.000003077505,497.676604121884,552.315103270228,578.357231168055,1707.58094018356,620.676183827003,547.571922766747,628.155641470638,4715730.41647029,2109.41884009208,3.03424249963776e+30,0.000662685351414893,290.512132488111,88.5513010626952,1.20210779981323,813.744340635671,93.5260873511215,0.544155372728596,3833.1357565638,1261.30417189167,20755863.5755585,11371.4064574128,384.429903983175,2438.57431750109,3311.2968088083,1676.87664718872,495.023636433904,815.74257443932,445.173544866522,337.948572175577,100.026292680986,724.860818505567,1158.19530125093,991.711256336795,5843.57549419331,830.540509069036,813.067383999514,3709.52111621512,1212622.94230587
"41",0,2.98487717127989,1.13723310732894e-05,14.3310976641412,1.98991811418659,13.5447021314931,474.488445361757,57.7066142196413,653.213792877357,354.08009902802,28.9546205784125,48.8000641338983,359.412562185234,30.4181991409691,27.9433582458792,2.14694472349379,20.9949588051791,205.448252688444,100,304.134885126752,329.544320371358,443.3339087684,300,404.956857342046,583.734041404447,253.078525286818,582.468813226427,0,30,0,60.844890437766,8.95463151383962,0.00300550738961647,35.5496561302843,11.9395086851194,0.998176287597971,1405.18842847202,137.689217667615,1332.1160635128,1563.14368743054,127.453248912989,178.859129592999,513.374041266622,212.185414707476,239.179818864579,87.1123171594536,153.532744119055,219.43928556558,100.000000000004,385.14057882444,464.976639836973,390.648955313023,1086.27040600271,512.239992295103,300.000000002408,497.74849317019,24482.652251349,33.4717199149582,4285460036874,2.89901436190121e-12,104.529790801032,21.8890942182335,0.00244115973612224,358.449311946811,45.768086399377,0.998176287984165,1260.67402748752,174.144529284666,7567.74462263926,1543.24174818219,116.510212325249,357.375553645771,588.609929912574,270.454685163884,278.656020809348,173.411069925547,57.977258214723,221.584819147401,100.000001113531,467.136205286608,581.888186387127,534.590436499125,1563.97835999687,577.23993756039,560.631517181417,841.199993807616,3274526.82680231,8648.06427194724,1.80195702422478e+39,0.00124105611297409,389.351210548776,120.38993295487,0.657058991995655,809.177630393556,135.314331644748,1.63216418683714,3733.32622846035,1000.57977424566,1303410.79877905,10922.588417943,283.145028570414,1630.44972452157,2685.13999098607,1168.66346419319,528.065298632617,462.256046923898,771.056373384203,362.283679201309,100.008533756253,734.948010441911,1086.50321960578,923.315173933682,6385.13293173704,781.4444470551,814.934084140279,3801.76059173498,117676.942963789
"42",0,2.98487717127989,0.000442645147359144,17.6027852054611,3.97983622837319,0,218.329132732149,8.67621885807739,692.225447327222,134.519452065394,22.9681052459212,2.03282296940051,1.29308206574046,41.3012194453561,49.3190412441083,3.12815510413611,38.2213337254511,202.947196511697,100.286376883042,309.747239905898,328.780949389214,443.39964700114,300,399.986535596149,583.734041404447,257.809767944881,798.001783820597,2.01794136955868e-12,62313916,0,3.98662385787776,3.97983622837319,1.21676789225387,33.4174809527492,11.9395086851194,1.72774666803298,1213.35568708002,70.6416678194591,1158.18288603535,414.803191198392,114.520318260848,139.045986397988,492.538572421148,204.006325853475,129.80579222035,66.0144266727675,151.131757372008,218.379317321365,100.000000000004,374.98822972824,433.921745723022,391.642619690361,1323.34569587411,533.663715855214,388.440534125786,755.273661400146,5406.07898130877,238.486371449861,532655,1.98951966012828e-12,162.737489232669,30.8437156564348,0.711653303980029,211.847164735808,18.9042220847725,0.454324018591024,747.640095893654,177.359017135143,8648.04776983718,3653.89584017021,226.948690731883,392.07265247085,369.404484879861,358.40645630346,301.981316497057,250.451697241159,53.3201644849369,228.34708693109,100.000003522997,501.056856941468,564.956838559867,578.307299024363,3151.6198657212,650.33555515608,566.69634890728,1039.98365812293,3389513.89624898,6899.67534921829,3.31137899327159e+43,0.000577514367307685,356.151221529165,108.450468436519,0.277841151741313,726.823513705003,122.379855714041,0.634330505618095,3910.35512029488,814.057793155885,2307954.08002888,15139.9523001258,270.182949627696,3454.55771054988,2243.57540836322,1600.71586950006,672.28406292612,482.058770991624,408.075441314794,359.231259043991,100.033252315348,786.537089728477,1195.55171051868,932.633289856512,5982.0522859677,715.271956616766,784.546376972036,3459.31446057404,80888.421068439
"43",0,2.98487717127989,0.636048610007492,14.2343372773835,2.98487717127989,0,344.859395283801,13.9293914891343,466.706353215791,135.646007434303,30.941421211588,18.9946296350456,1.64871086271432,26.3692762605795,33.3737650745677,7.41730085558947,45.0290528484531,210.298757582276,100,307.044586703529,334.283728478608,443.430277129925,300,398.149227580098,611.821808064656,285.074512394486,817578.05692624,0,9,0,95.8122745373303,8.95463151383962,0.511122027266765,47.2106451422907,7.95967245674638,0.0895282504164925,915.490079189025,97.512031297382,1782.37723010959,570.695494729223,102.58117171948,304.932742320532,561.304497070981,196.274399531207,191.454893446844,277.723587709709,180.101143402744,205.521076522469,100.000000000004,379.480332378445,427.547755727688,388.380266037731,1129.91380796057,517.891220874727,397.584912946477,607.259073760771,9091.01458446605,80.3170243841766,7615,4.60431692772545e-12,185.838955487453,20.8941351611402,0.194627331142442,355.541583266855,23.8790072946008,0.358113001673019,863.347255766876,182.696020308644,7016.82724326745,3549.29029105495,197.101378504412,627.880781896748,899.864613305293,190.924480037644,334.296122210151,99.1002363769753,89.1700017132562,237.28815148123,100.000005456455,504.894936472583,580.993564439095,479.306814677161,2386.85848309648,624.629923653259,508.841115971773,895.328537037566,4281614.03021248,1189.87957759476,7.90243186329007e+39,0.000883277182310849,394.353503759015,107.455521695534,1.06284566014824,809.482732061534,89.5462552982755,0.634005455810779,4192.71322038933,1242.35694881029,1085177.91949987,12623.9352629984,323.21625868049,2420.61131174767,2054.45051397758,1906.75714657561,493.513515075388,304.62248494757,403.55992566721,342.119958832864,4276.90591142551,738.584078905977,1181.40888614141,978.155112772013,5819.41939497615,809.201126222781,702.989797834284,4410.96442442178,58382.0153403257
"44",0,2.98487717127989,3.57145950147242e-07,15.7529006372891,1.98991811418659,0,227.384551453648,34.8234053325289,514.058568804696,1.98991811418659,76.7119849588485,20.3824256354908,1.2621802309643,2.47803061154741,40.2907492117263,45.4940868558181,21.9894281990969,209.174721572007,100,305.968248522101,334.870731185574,443.377146392626,300,403.312157659822,611.821808064656,273.821732384999,817578.167414671,1.4210854715202e-14,24458021,0,88.8565372319155,7.95967245674632,0.0184971215117002,35.8263847605459,4.97479528546648,0.454324018590796,1361.67450452134,62.6822085075121,5096.25377111921,1922.64663571434,130.439586361908,166.698849290508,514.883272680462,64.0427146298712,213.338206172595,136.014602959085,171.695301190829,217.874504146702,100.000000000005,397.750043766218,471.413237247615,410.104040395129,2080.3313613615,521.875259308903,300.000000038877,509.128825846696,4673.02408357444,109.558398819499,19415406412,2.95585778076202e-12,155.49900582033,21.8890992560528,0.36258868356299,94.6561446076375,27.8588485607935,1.25055521493778e-12,987.872274618101,130.578711550197,6592.23531681389,2594.41723993958,124.469837032276,560.737269151282,493.739412086824,294.60259587616,255.876118517112,75.3349858544832,77.5851071017291,223.012314697015,100.000001466834,504.487789842164,555.090115532001,545.344501596313,1521.71613024967,604.50805821168,509.376016343542,642.594282883805,6821679.44076497,2550.35410603064,1.12260250876021e+30,0.00116213563882184,343.363475756937,78.6018107866847,0.0949248385613828,829.104253460244,93.5260274091822,0.00113136530137581,3829.15366072977,855.967273424246,3119069.55111206,17927.5916232027,281.395445054223,1812.38409079708,3121.37022467462,1328.90369517565,695.848864584454,648.934633829185,590.486043428141,365.495129398303,100.034983551537,772.777969581877,1044.66224956376,1008.50892209989,6947.89279430245,747.202509872714,747.506229524372,3477.81644812632,46918.1146035023
"45",0,5.96975434255972,4.92726948095878e-05,14.2057791322411,2.98487717127989,0.543852269007175,122.305682964414,40.79308882641,697.215948727942,300.244406969423,54.5385700521244,11.277391335728,0.302826051934744,28.1415710575363,104.598093542921,26.6043818900948,21.6193054408545,205.350019513452,100,305.504361854555,334.400003840154,398.035780788715,300,413.755541353844,583.734041404447,281.718904232775,575.003034656587,4.68958205601666e-13,1,0,94.7975502985712,11.9395086851195,0.21581105019834,35.0989378429356,7.95967245674638,0,872.850843804144,51.7376739929432,1313.79531195067,514.981704319473,154.317877617763,219.826135165353,248.924664176517,94.7346950025956,114.440672805893,124.970831298487,159.538432037112,222.705675042623,100.000000000006,374.632029939014,452.385948912008,388.444423667441,1639.95890169837,506.784806681053,300.000000000216,476.361500173096,4984.66505660971,710.914198327301,2591608,8.5265128291212e-12,113.445780783063,24.8739713895135,0.761605464683043,355.736676752299,23.8790123324201,5.91171556152403e-12,2353.7000573878,172.341613406852,45960.5499445851,2987.96958398916,140.388797379781,387.795225318439,767.581804408525,239.335171324909,268.844276923061,72.9981774183102,75.3177417239608,225.393952983663,100.000000388316,465.699931461219,536.913678678722,568.863858348604,1669.67836494929,794.184094825951,524.915033312331,887.420350854371,3860429.63694197,3851.07220743411,6.67017890722756e+35,0.00042841028505336,453.350389524257,93.5260972863587,0.59672504540174,145.967149704353,72.6319928905572,1.36341340244951,2298.12720490963,1285.85638201962,2817387.57084497,12749.7005706698,255.710240794318,2236.50370949803,2247.26795283159,1718.85730987003,370.378703370003,491.480079460094,370.192090302052,349.068585221124,100.038539194294,735.242175572205,1031.92738172226,1058.39770733823,5592.38705489657,718.666958868928,725.720353923425,2891.87689060349,72281.31434694
"46",0,2.98487717127989,3.57807493855944e-07,14.3641848100337,9.9495855331138,0.0895282504164925,309.343659922004,42.7828848411903,1040.59245296492,13.7238462056441,74.7201194572299,10.0595160773369,1.70212427284901,38.0056226025504,24.9944126663349,50.1699260737241,19.9999789034982,206.347080721332,100.344900273933,306.757366127816,331.70049489788,398.047465418808,354.224126346244,394.879423159783,300,308.468709142899,680.47439066201,4.2632564145606e-14,37,0,110.268470571587,16.9142989327669,0.0364865117858244,33.413781262112,5.96975434255978,0.543852269007175,541.754062022077,89.5525888184434,1740.4465010903,1217.92219859486,106.558157018884,237.096628736521,248.780548053544,87.6738483496656,294.794366483299,68.424054664908,186.518472723469,217.945778890619,100.000000000006,377.540431517045,440.37810092456,388.059249066156,1235.56187292012,517.178879851189,403.285680653326,864.487984311244,20999.5405534473,280.425580075335,193070,7.95807864051312e-12,224.144436609705,28.8538025800676,0.67050177007718,353.726550022919,19.8991811418659,0.0895282504164925,2781.3099184296,161.217131637352,20969.8688461343,6139.46330158808,165.262982667109,490.051283581003,485.18320385359,224.876592531867,349.163920031978,84.7405349280286,64.0102630581682,231.355367669535,100.000001374604,503.067590917364,556.054414792543,532.831522674572,2266.81016861069,728.68190325141,550.5355474383,1402.26731139247,3411920.42583583,3918.99499408676,3.21848544408135e+35,0.00116090294454807,351.554947592193,83.5765260809146,0.935379684026998,840.936502268494,170.137726701624,0.0904599341689618,4597.03416658258,1157.69826500198,1933450.09592144,10138.856203868,259.650366867931,2086.90527993423,2017.35739515076,1751.56534681025,530.511458644902,486.043017919649,263.54255569182,359.634105917603,7491.48319731407,693.93335769526,1092.40746209818,918.220910022465,5077.62385544548,767.592466400655,723.523990296723,4604.22850165147,82984.8641916358
"47",0,2.98487717127989,0.540972256904297,11.0688847657407,2.98487717127989,0,628.098819002234,1.98991811418659,11.3810980688202,360.459057276332,61.7053325531792,5.97193674179971,1.46184449164662,22.4822166203278,44.2283041422813,5.09213272578063,37.5385492045386,205.87876989305,100,304.979748400889,335.008652993287,443.40878740307,300,402.761282605969,611.821808064656,243.235579735069,590.19014007159,0,0,0,117.557518891649,10.9445496280262,0.372499326713637,36.4731141238997,9.94959057093297,0,1106.94330268611,138.517071155702,961.80213924626,148.718667225474,97.6025271913645,384.879712288895,140.816734208241,199.494543873887,186.432416259528,175.214213160349,157.24590805148,218.11356519362,100.000000000004,369.365572647345,430.707704295215,388.041156448978,200.000000000015,528.909562361621,403.285680653326,880.634114016807,6496.49466238825,117.82245606826,23109426481,3.80850906367414e-12,203.263397675716,24.8739663516942,0.180482378348984,328.205303078312,29.8487666749799,0.0895282504945953,905.968747274102,243.688849521553,9034.82794838089,5127.20103975792,244.853394765165,489.718080793784,879.135712200307,517.660454707629,390.484396669935,134.173945034815,76.1396447972488,236.519013607287,100.000003518764,515.239959553486,547.419572360714,589.125973032761,1789.65800810222,654.959373526811,597.089416582714,1067.8780983667,3630723.53964866,11854.1345047009,6.67625103851019e+42,0.00210386889852998,318.076074629397,89.5462672762291,1.58271289167283,786.956863974561,87.5563748957659,0.544580087766803,4900.35910316819,1163.73184933394,1477258.43915553,7543.65742342474,277.732252949803,3044.53560043876,2861.94709905577,1695.04172073056,440.458078326665,484.069964237192,426.084478182659,332.914791928987,100.033798137767,793.978701904565,1141.91714379724,1014.16361072183,6656.77108549018,764.766056740544,696.078076200389,4129.34355384198,764507.589300905
"48",0,2.98487717127989,0.474889469181448,13.2423107674634,2.98487717127989,0,559.30611122762,4.97479024764743,809.353096907609,24.6127653109556,25.9697449705413,0.99570818547204,0.845898890159106,30.9258871064696,21.4897637242202,13.1714758225698,4.97479029871647,203.991834808043,100,306.025102220317,332.603641915809,443.363812043711,300,396.651677245546,300,286.57828542286,411.634080693612,2.27373675443232e-13,0,0,112.800735652518,12.9344627043937,0.0586212187930641,38.1628605957014,10.9445496280262,0.543852269007175,917.047338224993,169.636634575865,1402.10623540392,1443.93284103173,82.6758455517322,186.497203621095,271.058558532894,59.8406113664109,184.344373361479,116.210625341424,76.9989345100862,222.318378190644,100.000000000005,385.139089046813,447.862946906106,387.163188537076,1265.0884870692,563.787574202003,300.000000000628,745.411817288196,5746.20643987022,165.842355764162,43927793,2.21689333557151e-12,223.104400953048,13.9294267993075,1.59840549889191,343.819324398493,25.8689304466067,7.27158121105833,377.192601068891,154.515520753451,1424882.24574855,4672.51382748547,212.025623025928,379.009854907008,1272.17397858642,484.409891170686,480.939878285704,124.651669101362,71.0749565515944,225.441277779727,100.000001701272,503.419228164141,559.107192439839,593.597389277258,1377.30997490537,562.686973021567,619.207388265599,1495.3116648312,5089110.01160996,3250.24910158301,1.25037176322062e+34,0.00140826403645633,311.549742551409,117.405035270131,0.444544557792369,779.594022407702,104.470593862129,0.179449317353487,6004.68034150694,1450.06337658828,4878831.30323642,18734.9844843475,290.670521212319,2658.43088923216,3476.16267545851,1562.86239825389,511.107940294095,462.436345980483,401.809957451143,354.105269525031,100.015582359536,741.996108256535,1078.19643308124,942.741116145284,7074.54971854771,717.054713273018,749.207731796954,4214.39822720525,105062.736055598
"49",0,0,0,13.0664449926394,4.97479528546648,0,416.654674783623,9.94958049529487,118.438334614438,45.9474201881026,38.9041098314055,55.673638846959,1.91299489476705,23.3878267766531,81.1826318821697,3.61588491553266,21.3071321367249,206.659413335874,100,321.041881913977,335.759392023295,443.372302796336,300,451.625635745642,583.745226265944,382.259393111394,701.644379899052,0,4,0,9.87170163703206,15.9193398756736,0.0613620364709959,38.6400832072881,10.9445496280262,0.0895282504164925,1292.7016388068,67.7091773571794,1897.81117549066,3842.09949540613,99.5957269816231,208.0789979958,457.651209938773,68.3740605212145,122.733475275381,84.1494509100371,70.2261907894213,213.773717280314,100.000000000005,383.387384070389,439.357939418484,417.345000476582,1435.97073043908,532.951218727597,300.000000000847,636.415247257325,6409.42828249938,258.669461909616,634267974316860,1.30739863379858e-12,81.6872869664195,24.8739713895133,0.150763477079408,70.4638261205079,21.8890992560528,0.0895282504175157,1216.66117292863,159.70608177622,15537.9892438505,6807.95913885877,166.254322095429,573.648343778978,403.612249422029,416.215766697618,189.221034022727,116.345918149716,81.4668191579544,236.340806327933,100.000002485439,483.067115026475,557.124447951431,605.549450219565,1736.25836393308,608.972340407229,514.427512330259,1297.83353336518,3916348.97369896,10535.3972547918,1.02407833714565e+29,0.00433303976382149,346.697170917461,79.5967500161378,0.255468395240086,800.410208280505,107.455532689103,4.08631741708598,4419.92899478719,1210.40191491613,2313391.27178306,12726.5443154832,343.906434213304,2955.363968344,3042.2811705667,1550.22827870563,468.199595896534,480.224646490032,709.766123013531,331.820842546162,100.024345404614,726.553997480461,1126.46018375625,968.133544966231,6526.53098521083,785.99880856444,827.196149918213,4230.34930142342,129357.030265135
"50",0,4.97479528546643,1.35117477384483e-05,13.7718406160935,3.97983622837319,0,401.729848424749,8.95462143820146,578.065513352183,124.885723517853,33.9292640083411,26.0319080493334,1.52207421943467,30.5205957988844,37.3925467102142,6.63794217820964,29.2667745037716,205.018979401554,100,310.030521603211,340.83882301352,398.046324103355,347.149354998313,401.364132972612,300,242.127118109108,817578.171727106,0,0,0,90.9319304703539,8.95463151383962,0.0611370089335423,36.4560164089582,10.9445496280262,0,1214.01271200853,109.450895255725,3103.39810026815,1920.08490189203,90.641041134588,228.505614877793,276.875381564507,90.9643152339186,86.7219819875615,89.2368608866577,199.096805544193,220.493912083299,100.000000000005,377.83516927276,482.826576274015,393.67216132844,1427.75867942076,518.119160191168,403.285680653326,684.635856100228,5594.17965997838,77.8237109156295,183,6.08224581810646e-12,132.644256002695,25.8689304466066,0.278787156617796,347.0340368555,33.8285877898963,0.454324018656166,1104.00190217473,247.290841874161,10917.6760317234,4405.87702478562,167.25290269626,302.153805498162,1432.81751836332,363.615566073459,123.286482301876,198.431815493441,71.187922635771,234.240680754565,100.000002000907,515.542092388444,571.746283633348,575.536751182026,1609.02779079387,684.826659134488,549.252757745937,572.04334494752,2807292.17789635,5047.55586462105,1.32578347019816e+38,0.00264522030073522,378.694826842389,78.6017496095508,0.527361277885802,843.858465181152,154.218455856355,0.269674243258692,4047.29553530344,1145.93243873895,2752533.2409653,15534.9134164288,286.166779797068,2951.5518092489,2671.64774065234,1489.43894683675,507.982405371568,809.991473856043,295.035874067458,324.194390909985,100.028420528176,726.820943115703,1120.62667080694,964.768416765831,6074.76536178112,712.179831077062,784.461511556991,3930.1641672991,186836.235164607
"51",0,3.97983622837319,3.97351413994329e-08,12.6699005939045,2.98487717127989,0.0895282504164925,573.61458361199,14.9243505462277,355.76419129017,87.7785016431712,97.6042222284375,4.03183985224314,135.72431480471,40.7768817915937,25.4747421988134,7.05663886340994,142.377303338295,204.691039709714,100,304.110729921785,330.986164063901,445.881586082623,300,398.149227580098,415.727953716806,229.966390942647,692.506524289225,0,993396095,0,119.426005089003,7.95967245674632,0.0714695303007602,35.1466256938264,9.94959057093286,0.454324018590796,1658.8420242401,135.319504723148,174856.209596796,1093.35876575001,130.438560024254,102.08214111026,138.616203983504,57.7877261672013,230.161132160142,114.525578294553,68.7276341706252,216.055710388864,100.000000000005,370.776668941346,433.60694483131,397.168797485017,1107.27110665369,517.594234366885,300.000000000029,504.167355085014,5249.53531468532,29.761143926483,23271238,2.74553713097703e-11,171.152009146617,27.858838485155,0.681901783219701,350.722260269762,28.8537975422482,0.454324018605575,622.455779580774,132.132951156985,5539.37819437616,3561.30636899388,228.938519206972,591.553012298685,579.213087437081,404.523885949285,366.577451441721,200.703476798698,111.245932298275,233.810224259812,100.000000510018,511.295460181564,557.642926075658,540.439805435968,1587.06455075245,624.333266242963,549.87515759339,1339.29807800178,2953854.05512042,7148.26212027294,1.42491727355181e+36,0.000882683510667448,341.517447760056,71.6370032062285,0.694590198473975,156.666758870161,142.278967599075,1.99699378680168,3240.97073700638,966.738631503318,901805.109807149,9079.28936013613,257.60981109204,3313.60666366404,2955.2430399664,1506.2664549801,599.448188338165,395.99190294844,400.554251163906,360.946613093507,100.016774117476,780.005081125068,1135.98310769334,962.334461727968,6326.52058452764,693.883369233411,814.722278218389,2634.43410662392,132234.21775868
